location,transect,quadrat,side,tray,code,count
SP4,T43,Q5,R,B,Bid_pil,44
SP4,T43,Q5,R,B,Ver_bon,56
SP4,T43,Q5,R,B,Cro_lan,1
SP4,T43,Q5,R,B,For_112,2
SP4,T43,Q5,R,B,Sid_acu,9
SP4,T43,Q5,R,B,Pas_foe,1
SP4,T43,Q5,R,B,Poe_001,10
SP4,T43,Q5,R,B,Poe_165,3
SP4,T43,Q5,R,B,Mel_rep,2
SP4,T43,Q5,R,B,Con_bon,18
SP4,T43,Q5,R,B,Poe_007,7
SP4,T43,Q5,R,B,Wah_gra,43
SP4,T43,Q5,R,B,Lob_pur,1
SP4,T43,Q5,R,B,Dig_par,2
SP4,T43,Q5,R,B,Hyd_lax,2
SP4,T43,Q5,R,B,Poe_029,7
SP4,T43,Q5,R,B,Gly_wig,1
SP4,T43,Q5,R,B,Cyp_gra,99
SP4,T43,Q5,R,B,Cyp_002,40
SP4,T43,Q5,R,B,Cyp_agg,8
SP4,T43,Q5,R,B,Poe_082,1
SP4,T43,Q5,R,B,Ari_que,1
SP4,T43,Q5,R,B,Sig_ori,1
SP4,T43,Q5,R,B,Poe_006,22
SP4,T43,Q5,R,B,For_022,6
SP4,T43,Q5,R,B,Gam_cal,1
SP4,T43,Q5,R,B,Spo_cre,2
SP4,T43,Q5,R,B,Car_hir,2
SP4,T43,Q5,R,B,Cys_pro,32
SP4,T43,Q5,R,B,Bot_bla,1
SP4,T43,Q5,R,B,Men_sat,1
SP4,T43,Q5,R,B,For_084,40
SP4,T43,Q5,R,B,For_093,4
SP4,T43,Q5,R,B,Poe_163,1
SP4,T43,Q5,R,B,For_098,1
SP4,T43,Q5,R,B,For_106,1
SP4,T43,Q5,R,B,For_108,5
SP3,T39,Q5,L,A,Bid_pil,28
SP3,T39,Q5,L,A,Gly_wig,5
SP3,T39,Q5,L,A,Ein_nut,117
SP3,T39,Q5,L,A,Mel_rep,51
SP3,T39,Q5,L,A,Sig_ori,2
SP3,T39,Q5,L,A,Ver_bon,2
SP3,T39,Q5,L,A,Pas_foe,1
SP3,T39,Q5,L,A,Con_bon,47
SP3,T39,Q5,L,A,Cyp_010,3
SP3,T39,Q5,L,A,Wah_gra,27
SP3,T39,Q5,L,A,Gam_cal,2
SP3,T39,Q5,L,A,Hyd_lax,4
SP3,T39,Q5,L,A,Sid_acu,1
SP3,T39,Q5,L,A,Cyp_agg,3
SP3,T39,Q5,L,A,Cyp_gra,61
SP3,T39,Q5,L,A,Ari_que,1
SP3,T39,Q5,L,A,Car_hir,1
SP3,T39,Q5,L,A,For_108,2
SP3,T39,Q5,L,A,For_084,5
SP3,T39,Q5,L,A,Cys_pro,3
SP3,T39,Q5,L,B,Bid_pil,22
SP3,T39,Q5,L,B,Ein_nut,282
SP3,T39,Q5,L,B,Mel_rep,33
SP3,T39,Q5,L,B,Ver_bon,5
SP3,T39,Q5,L,B,Pas_foe,1
SP3,T39,Q5,L,B,Sid_acu,1
SP3,T39,Q5,L,B,Poe_002,3
SP3,T39,Q5,L,B,Con_bon,53
SP3,T39,Q5,L,B,Cyp_010,6
SP3,T39,Q5,L,B,Cyp_agg,4
SP3,T39,Q5,L,B,Wah_gra,50
SP3,T39,Q5,L,B,Gam_cal,6
SP3,T39,Q5,L,B,Imp_cyl,5
SP3,T39,Q5,L,B,Hyd_lax,15
SP3,T39,Q5,L,B,Lob_pur,1
SP3,T39,Q5,L,B,Cyp_gra,63
SP3,T39,Q5,L,B,Men_sat,1
SP3,T39,Q5,L,B,Cys_pro,1
SP3,T39,Q5,L,B,Poe_160,1
SP3,T39,Q5,L,B,For_084,4
SP3,T39,Q5,L,B,For_093,2
SP3,T39,Q5,L,B,For_108,2
SP3,T39,Q5,L,B,Car_hir,2
SP3,T37,Q5,R,A,Bid_pil,21
SP3,T37,Q5,R,A,Mel_rep,49
SP3,T37,Q5,R,A,Con_bon,12
SP3,T37,Q5,R,A,Wah_gra,66
SP3,T37,Q5,R,A,Euc_cre,1
SP3,T37,Q5,R,A,Cyp_agg,9
SP3,T37,Q5,R,A,Ver_bon,2
SP3,T37,Q5,R,A,Het_con,2
SP3,T37,Q5,R,A,Lob_pur,8
SP3,T37,Q5,R,A,For_022,1
SP3,T37,Q5,R,A,Eup_dru,1
SP3,T37,Q5,R,A,Ari_que,2
SP3,T37,Q5,R,A,Poe_082,5
SP3,T37,Q5,R,A,Cyp_002,26
SP3,T37,Q5,R,A,Cyp_gra,67
SP3,T37,Q5,R,A,Pan_eff,7
SP3,T37,Q5,R,A,Cyp_003,1
SP3,T37,Q5,R,A,Gam_cal,6
SP3,T37,Q5,R,A,Cyn_dac,2
SP3,T37,Q5,R,A,Cyp_dif,1
SP3,T37,Q5,R,A,Spo_cre,1
SP3,T37,Q5,R,A,Gal_ten,1
SP3,T37,Q5,R,A,Cyp_004,4
SP3,T37,Q5,R,A,Cys_pro,22
SP3,T37,Q5,R,A,Son_ole,1
SP3,T37,Q5,R,A,Cro_mon,1
SP3,T37,Q5,R,A,Mec_pro,4
SP3,T37,Q5,R,A,For_093,1
SP3,T37,Q5,R,A,Nep_cor,1
SP3,T37,Q5,R,A,For_084,9
SP3,T37,Q5,R,A,For_108,1
SP3,T40,Q5,R,B,Bid_pil,68
SP3,T40,Q5,R,B,For_112,3
SP3,T40,Q5,R,B,Mel_rep,76
SP3,T40,Q5,R,B,Sol_nig,5
SP3,T40,Q5,R,B,Ver_bon,6
SP3,T40,Q5,R,B,Sig_ori,1
SP3,T40,Q5,R,B,Les_jun,1
SP3,T40,Q5,R,B,Poe_002,1
SP3,T40,Q5,R,B,Poe_003,1
SP3,T40,Q5,R,B,Oxa_cor,2
SP3,T40,Q5,R,B,Con_bon,9
SP3,T40,Q5,R,B,Wah_gra,33
SP3,T40,Q5,R,B,Gam_cal,1
SP3,T40,Q5,R,B,Het_con,2
SP3,T40,Q5,R,B,Hyd_lax,5
SP3,T40,Q5,R,B,Ein_nut,1
SP3,T40,Q5,R,B,Cyp_agg,2
SP3,T40,Q5,R,B,Men_sat,1
SP3,T40,Q5,R,B,Euc_sph,2
SP3,T40,Q5,R,B,Ari_que,3
SP3,T40,Q5,R,B,Cyp_gra,29
SP3,T40,Q5,R,B,Cyp_002,2
SP3,T40,Q5,R,B,Poe_129,1
SP3,T40,Q5,R,B,Cro_lan,2
SP3,T40,Q5,R,B,Gly_wig,1
SP3,T40,Q5,R,B,For_084,16
SP3,T40,Q5,R,B,For_105,1
SP3,T40,Q5,R,B,For_108,1
SP3,T40,Q5,R,B,Cys_pro,2
SP3,T40,Q1,R,A,Bid_pil,4
SP3,T40,Q1,R,A,For_112,8
SP3,T40,Q1,R,A,Son_ole,1
SP3,T40,Q1,R,A,Sig_ori,3
SP3,T40,Q1,R,A,Por_ole,2
SP3,T40,Q1,R,A,Ein_nut,1
SP3,T40,Q1,R,A,Mel_rep,5
SP3,T40,Q1,R,A,Con_bon,37
SP3,T40,Q1,R,A,Oxa_cor,1
SP3,T40,Q1,R,A,Euc_cre,3
SP3,T40,Q1,R,A,Gal_ten,2
SP3,T40,Q1,R,A,Poe_008,5
SP3,T40,Q1,R,A,Cyp_010,2
SP3,T40,Q1,R,A,Con_can,8
SP3,T40,Q1,R,A,Gam_cal,3
SP3,T40,Q1,R,A,Poe_017,2
SP3,T40,Q1,R,A,Cyp_agg,2
SP3,T40,Q1,R,A,Cyp_gra,25
SP3,T40,Q1,R,A,Spo_cre,1
SP3,T40,Q1,R,A,Eup_dru,1
SP3,T40,Q1,R,A,For_024,2
SP3,T40,Q1,R,A,Lob_pur,2
SP3,T40,Q1,R,A,For_030,3
SP3,T40,Q1,R,A,For_031,2
SP3,T40,Q1,R,A,For_027,1
SP3,T40,Q1,R,A,Pan_eff,1
SP3,T40,Q1,R,A,Cys_pro,17
SP3,T40,Q1,R,A,Nep_cor,3
SP3,T40,Q1,R,A,For_084,8
SP3,T40,Q1,R,A,Mec_pro,4
SP3,T40,Q1,R,A,For_098,8
SP3,T40,Q1,R,A,For_102,1
SP3,T40,Q5,R,A,Bid_pil,50
SP3,T40,Q5,R,A,For_112,3
SP3,T40,Q5,R,A,Mel_rep,90
SP3,T40,Q5,R,A,Sig_ori,1
SP3,T40,Q5,R,A,Sol_nig,2
SP3,T40,Q5,R,A,Oxa_cor,2
SP3,T40,Q5,R,A,Les_jun,1
SP3,T40,Q5,R,A,Het_con,3
SP3,T40,Q5,R,A,Ver_bon,4
SP3,T40,Q5,R,A,Poe_003,1
SP3,T40,Q5,R,A,Son_asp,1
SP3,T40,Q5,R,A,Con_bon,10
SP3,T40,Q5,R,A,Wah_gra,66
SP3,T40,Q5,R,A,Gam_cal,5
SP3,T40,Q5,R,A,Hyd_lax,5
SP3,T40,Q5,R,A,For_030,1
SP3,T40,Q5,R,A,Men_sat,6
SP3,T40,Q5,R,A,Cyp_dif,3
SP3,T40,Q5,R,A,Cyp_gra,48
SP3,T40,Q5,R,A,Son_ole,1
SP3,T40,Q5,R,A,For_021,1
SP3,T40,Q5,R,A,Cyp_002,10
SP3,T40,Q5,R,A,Bot_bla,4
SP3,T40,Q5,R,A,Eup_dru,1
SP3,T40,Q5,R,A,Ari_que,6
SP3,T40,Q5,R,A,For_050,2
SP3,T40,Q5,R,A,Pan_eff,1
SP3,T40,Q5,R,A,Poe_116,11
SP3,T40,Q5,R,A,Cyp_agg,1
SP3,T40,Q5,R,A,Gal_ten,1
SP3,T40,Q5,R,A,Cyp_004,1
SP3,T40,Q5,R,A,Spo_elo,2
SP3,T40,Q5,R,A,Cys_pro,23
SP3,T40,Q5,R,A,Cyp_005,2
SP3,T40,Q5,R,A,Sen_mad,1
SP3,T40,Q5,R,A,Nep_cor,3
SP3,T40,Q5,R,A,For_084,13
SP3,T40,Q5,R,A,For_093,5
SP3,T40,Q5,R,A,For_108,1
SP3,T38,Q3,L,B,Bid_pil,52
SP3,T38,Q3,L,B,Les_jun,3
SP3,T38,Q3,L,B,Mel_rep,11
SP3,T38,Q3,L,B,For_112,1
SP3,T38,Q3,L,B,Sig_ori,1
SP3,T38,Q3,L,B,Spo_elo,22
SP3,T38,Q3,L,B,Cyp_agg,5
SP3,T38,Q3,L,B,Lob_pur,7
SP3,T38,Q3,L,B,Het_con,2
SP3,T38,Q3,L,B,Wah_gra,40
SP3,T38,Q3,L,B,Gly_wig,1
SP3,T38,Q3,L,B,Cyp_dif,6
SP3,T38,Q3,L,B,Cyp_002,11
SP3,T38,Q3,L,B,Spo_cre,11
SP3,T38,Q3,L,B,Cyp_gra,73
SP3,T38,Q3,L,B,Poe_020,1
SP3,T38,Q3,L,B,Seh_ner,1
SP3,T38,Q3,L,B,Ros_ads,2
SP3,T38,Q3,L,B,Poe_149,1
SP3,T38,Q3,L,B,Nep_cor,1
SP3,T38,Q3,L,B,Cys_pro,15
SP3,T38,Q3,L,B,Poe_150,2
SP3,T38,Q3,L,B,Cyp_007,2
SP3,T38,Q3,L,B,For_093,1
SP3,T38,Q3,L,B,Poe_160,1
SP3,T38,Q3,L,B,Spi_gum,1
SP3,T38,Q3,L,B,For_108,5
SP3,T38,Q3,L,B,For_084,1
SP3,T38,Q1,R,B,Bid_pil,3
SP3,T38,Q1,R,B,Mel_rep,12
SP3,T38,Q1,R,B,Cro_lan,2
SP3,T38,Q1,R,B,Sol_nig,3
SP3,T38,Q1,R,B,Les_jun,1
SP3,T38,Q1,R,B,Ein_nut,1
SP3,T38,Q1,R,B,Gly_wig,1
SP3,T38,Q1,R,B,Oxa_cor,1
SP3,T38,Q1,R,B,Lob_pur,1
SP3,T38,Q1,R,B,Emi_son,2
SP3,T38,Q1,R,B,Wah_gra,57
SP3,T38,Q1,R,B,Gam_cal,4
SP3,T38,Q1,R,B,Pan_dec,1
SP3,T38,Q1,R,B,Euc_cre,1
SP3,T38,Q1,R,B,Hyd_lax,1
SP3,T38,Q1,R,B,Con_bon,2
SP3,T38,Q1,R,B,Cyp_agg,5
SP3,T38,Q1,R,B,For_023,2
SP3,T38,Q1,R,B,Men_sat,3
SP3,T38,Q1,R,B,Cyp_gra,146
SP3,T38,Q1,R,B,Spo_cre,3
SP3,T38,Q1,R,B,Ari_que,1
SP3,T38,Q1,R,B,Cyp_002,10
SP3,T38,Q1,R,B,Pan_eff,1
SP3,T38,Q1,R,B,Con_can,1
SP3,T38,Q1,R,B,Cyp_004,2
SP3,T38,Q1,R,B,Cys_pro,22
SP3,T38,Q1,R,B,Nep_cor,1
SP3,T38,Q1,R,B,For_083,1
SP3,T38,Q1,R,B,Spi_gum,1
SP3,T38,Q1,R,B,For_084,7
SP3,T38,Q1,R,B,For_108,2
SP3,T38,Q1,R,B,For_029,1
SP3,T38,Q5,L,B,Bid_pil,13
SP3,T38,Q5,L,B,Mel_rep,3
SP3,T38,Q5,L,B,Sig_ori,7
SP3,T38,Q5,L,B,Les_jun,1
SP3,T38,Q5,L,B,Ver_bon,21
SP3,T38,Q5,L,B,Ein_nut,4
SP3,T38,Q5,L,B,Poe_004,6
SP3,T38,Q5,L,B,Oxa_cor,1
SP3,T38,Q5,L,B,Con_bon,6
SP3,T38,Q5,L,B,Euc_sph,3
SP3,T38,Q5,L,B,Gam_cal,18
SP3,T38,Q5,L,B,Wah_gra,130
SP3,T38,Q5,L,B,Con_can,2
SP3,T38,Q5,L,B,Poe_035,6
SP3,T38,Q5,L,B,Hyd_lax,1
SP3,T38,Q5,L,B,For_030,2
SP3,T38,Q5,L,B,Cyp_002,4
SP3,T38,Q5,L,B,Cyp_gra,109
SP3,T38,Q5,L,B,Cro_lan,1
SP3,T38,Q5,L,B,Poe_068,5
SP3,T38,Q5,L,B,For_021,1
SP3,T38,Q5,L,B,Cyp_bre,1
SP3,T38,Q5,L,B,Bot_bla,12
SP3,T38,Q5,L,B,Spo_elo,1
SP3,T38,Q5,L,B,Poe_086,7
SP3,T38,Q5,L,B,Poe_108,5
SP3,T38,Q5,L,B,Ari_que,1
SP3,T38,Q5,L,B,Poe_136,3
SP3,T38,Q5,L,B,Poe_134,1
SP3,T38,Q5,L,B,Cyp_004,1
SP3,T38,Q5,L,B,Era_lep,1
SP3,T38,Q5,L,B,Cys_pro,14
SP3,T38,Q5,L,B,Nep_cor,2
SP3,T38,Q5,L,B,For_080,1
SP3,T38,Q5,L,B,For_084,13
SP3,T38,Q5,L,B,For_093,4
SP3,T38,Q5,L,B,For_108,5
SP3,T38,Q5,L,B,Spi_gum,1
SP4,T46,Q1,L,B,Bid_pil,38
SP4,T46,Q1,L,B,Cro_lan,4
SP4,T46,Q1,L,B,Sig_ori,4
SP4,T46,Q1,L,B,Sol_nig,3
SP4,T46,Q1,L,B,Mel_rep,1
SP4,T46,Q1,L,B,Cyp_agg,3
SP4,T46,Q1,L,B,Con_bon,10
SP4,T46,Q1,L,B,Sen_mad,1
SP4,T46,Q1,L,B,Wah_gra,27
SP4,T46,Q1,L,B,Hyd_lax,1
SP4,T46,Q1,L,B,Spo_cre,44
SP4,T46,Q1,L,B,Chl_ven,1
SP4,T46,Q1,L,B,Het_con,3
SP4,T46,Q1,L,B,For_024,1
SP4,T46,Q1,L,B,Ver_bon,2
SP4,T46,Q1,L,B,Cyp_002,47
SP4,T46,Q1,L,B,For_022,5
SP4,T46,Q1,L,B,Pan_eff,3
SP4,T46,Q1,L,B,Cyp_dif,1
SP4,T46,Q1,L,B,Son_ole,1
SP4,T46,Q1,L,B,Gam_cal,3
SP4,T46,Q1,L,B,Poe_082,1
SP4,T46,Q1,L,B,Spo_elo,11
SP4,T46,Q1,L,B,For_049,1
SP4,T46,Q1,L,B,Cyp_gra,249
SP4,T46,Q1,L,B,Ari_que,2
SP4,T46,Q1,L,B,Era_lep,4
SP4,T46,Q1,L,B,Cys_pro,38
SP4,T46,Q1,L,B,Cen_min,2
SP4,T46,Q1,L,B,Lob_pur,1
SP4,T46,Q1,L,B,Nep_cor,5
SP4,T46,Q1,L,B,For_029,2
SP4,T46,Q1,L,B,Poe_154,4
SP4,T46,Q1,L,B,For_093,1
SP4,T46,Q1,L,B,For_084,9
SP4,T46,Q1,L,B,For_098,4
SP4,T46,Q1,L,B,For_102,1
SP4,T46,Q1,L,B,Men_sat,1
SP4,T46,Q1,L,B,Poe_164,2
SP4,T46,Q3,R,A,Bid_pil,1
SP4,T46,Q3,R,A,For_112,1
SP4,T46,Q3,R,A,Sig_ori,1
SP4,T46,Q3,R,A,Ein_nut,61
SP4,T46,Q3,R,A,Cro_lan,1
SP4,T46,Q3,R,A,Ver_bon,3
SP4,T46,Q3,R,A,Sol_nig,1
SP4,T46,Q3,R,A,Mel_rep,6
SP4,T46,Q3,R,A,Gly_wig,1
SP4,T46,Q3,R,A,For_111,5
SP4,T46,Q3,R,A,Het_con,1
SP4,T46,Q3,R,A,Con_bon,9
SP4,T46,Q3,R,A,Wah_gra,52
SP4,T46,Q3,R,A,Gam_cal,2
SP4,T46,Q3,R,A,For_022,8
SP4,T46,Q3,R,A,Cyp_gra,32
SP4,T46,Q3,R,A,Spo_cre,6
SP4,T46,Q3,R,A,Cyp_agg,2
SP4,T46,Q3,R,A,Cyp_002,6
SP4,T46,Q3,R,A,Les_jun,1
SP4,T46,Q3,R,A,Cys_pro,23
SP4,T46,Q3,R,A,Poe_149,2
SP4,T46,Q3,R,A,For_029,1
SP4,T46,Q3,R,A,For_084,13
SP4,T46,Q3,R,A,Mec_pro,2
SP4,T46,Q3,R,A,Nep_cor,1
SP4,T46,Q3,R,A,Spi_gum,2
SP4,T46,Q3,R,A,For_102,1
SP4,T46,Q3,R,A,For_108,3
SP4,T42,Q1,R,B,Bid_pil,12
SP4,T42,Q1,R,B,Gly_wig,10
SP4,T42,Q1,R,B,Por_ole,72
SP4,T42,Q1,R,B,Les_jun,3
SP4,T42,Q1,R,B,Mel_rep,12
SP4,T42,Q1,R,B,Sig_ori,2
SP4,T42,Q1,R,B,Con_bon,16
SP4,T42,Q1,R,B,Euc_cre,3
SP4,T42,Q1,R,B,For_002,1
SP4,T42,Q1,R,B,Sid_acu,2
SP4,T42,Q1,R,B,Lob_pur,2
SP4,T42,Q1,R,B,Cyp_pol,2
SP4,T42,Q1,R,B,Poe_018,16
SP4,T42,Q1,R,B,Wah_gra,6
SP4,T42,Q1,R,B,Hyd_lax,2
SP4,T42,Q1,R,B,Pan_eff,1
SP4,T42,Q1,R,B,For_017,1
SP4,T42,Q1,R,B,Cyp_bre,1
SP4,T42,Q1,R,B,Spo_cre,5
SP4,T42,Q1,R,B,Cyp_gra,13
SP4,T42,Q1,R,B,Gam_cal,1
SP4,T42,Q1,R,B,Euc_sph,1
SP4,T42,Q1,R,B,Cys_pro,32
SP4,T42,Q1,R,B,Nep_cor,7
SP4,T42,Q1,R,B,For_084,21
SP4,T42,Q1,R,B,Poe_149,1
SP4,T42,Q1,R,B,For_093,2
SP4,T42,Q1,R,B,For_103,1
SP4,T42,Q1,R,B,Cro_lan,1
SP4,T42,Q1,R,B,Bot_bla,1
SP3,T39,Q1,L,B,Bid_pil,78
SP3,T39,Q1,L,B,Ver_bon,49
SP3,T39,Q1,L,B,Ein_nut,21
SP3,T39,Q1,L,B,Les_jun,1
SP3,T39,Q1,L,B,Pas_foe,1
SP3,T39,Q1,L,B,Gly_wig,2
SP3,T39,Q1,L,B,Con_bon,22
SP3,T39,Q1,L,B,Cyp_010,7
SP3,T39,Q1,L,B,For_002,1
SP3,T39,Q1,L,B,Mel_rep,32
SP3,T39,Q1,L,B,Cyp_agg,7
SP3,T39,Q1,L,B,Oxa_cor,3
SP3,T39,Q1,L,B,Wah_gra,59
SP3,T39,Q1,L,B,Hyd_lax,1
SP3,T39,Q1,L,B,Het_con,1
SP3,T39,Q1,L,B,Dic_rep,1
SP3,T39,Q1,L,B,Ver_lit,26
SP3,T39,Q1,L,B,Cyp_002,22
SP3,T39,Q1,L,B,Spo_cre,6
SP3,T39,Q1,L,B,Cyp_dif,3
SP3,T39,Q1,L,B,Cyp_gra,82
SP3,T39,Q1,L,B,For_017,1
SP3,T39,Q1,L,B,Eup_dru,1
SP3,T39,Q1,L,B,For_021,1
SP3,T39,Q1,L,B,Lob_pur,1
SP3,T39,Q1,L,B,Pan_eff,7
SP3,T39,Q1,L,B,Spo_elo,1
SP3,T39,Q1,L,B,Ari_que,3
SP3,T39,Q1,L,B,Poe_116,2
SP3,T39,Q1,L,B,Lag_gra,1
SP3,T39,Q1,L,B,Cro_mon,1
SP3,T39,Q1,L,B,Sid_spi,1
SP3,T39,Q1,L,B,Cys_pro,17
SP3,T39,Q1,L,B,Nep_cor,1
SP3,T39,Q1,L,B,For_084,6
SP3,T39,Q1,L,B,Gam_cal,1
SP3,T39,Q1,L,B,Poe_156,2
SP3,T39,Q1,L,B,For_108,1
SP4,T45,Q5,R,A,Bid_pil,10
SP4,T45,Q5,R,A,Sig_ori,7
SP4,T45,Q5,R,A,For_112,8
SP4,T45,Q5,R,A,Mel_rep,7
SP4,T45,Q5,R,A,Cro_lan,1
SP4,T45,Q5,R,A,Ver_bon,5
SP4,T45,Q5,R,A,Ein_nut,4
SP4,T45,Q5,R,A,Con_bon,153
SP4,T45,Q5,R,A,Oxa_cor,5
SP4,T45,Q5,R,A,Gal_ten,2
SP4,T45,Q5,R,A,Gam_cal,12
SP4,T45,Q5,R,A,Cyp_agg,8
SP4,T45,Q5,R,A,Gly_wig,1
SP4,T45,Q5,R,A,Spi_gum,12
SP4,T45,Q5,R,A,For_029,19
SP4,T45,Q5,R,A,Cyp_dif,3
SP4,T45,Q5,R,A,Het_con,3
SP4,T45,Q5,R,A,Spo_cre,8
SP4,T45,Q5,R,A,Cyp_010,2
SP4,T45,Q5,R,A,Cyp_002,14
SP4,T45,Q5,R,A,Wah_gra,5
SP4,T45,Q5,R,A,Euc_sph,4
SP4,T45,Q5,R,A,Cyp_gra,97
SP4,T45,Q5,R,A,Ari_que,2
SP4,T45,Q5,R,A,Spo_elo,1
SP4,T45,Q5,R,A,For_022,1
SP4,T45,Q5,R,A,Sen_mad,1
SP4,T45,Q5,R,A,Era_lep,8
SP4,T45,Q5,R,A,Lob_pur,1
SP4,T45,Q5,R,A,Gly_tab,1
SP4,T45,Q5,R,A,Poe_128,2
SP4,T45,Q5,R,A,Cyp_004,2
SP4,T45,Q5,R,A,Cys_pro,18
SP4,T45,Q5,R,A,For_084,3
SP4,T45,Q5,R,A,For_025,1
SP4,T45,Q5,R,A,Nep_cor,3
SP4,T45,Q5,R,A,For_093,7
SP4,T45,Q5,R,A,For_108,5
SP4,T45,Q5,R,A,For_102,1
SP4,T46,Q5,L,A,Bid_pil,10
SP4,T46,Q5,L,A,Mel_rep,10
SP4,T46,Q5,L,A,Ver_bon,3
SP4,T46,Q5,L,A,For_112,1
SP4,T46,Q5,L,A,Sid_acu,1
SP4,T46,Q5,L,A,Cyp_010,11
SP4,T46,Q5,L,A,Con_bon,4
SP4,T46,Q5,L,A,Euc_cre,1
SP4,T46,Q5,L,A,Hyd_lax,5
SP4,T46,Q5,L,A,Spo_elo,31
SP4,T46,Q5,L,A,Het_con,6
SP4,T46,Q5,L,A,For_022,18
SP4,T46,Q5,L,A,Wah_gra,29
SP4,T46,Q5,L,A,Spi_gum,20
SP4,T46,Q5,L,A,Cyp_agg,5
SP4,T46,Q5,L,A,Cyp_dif,5
SP4,T46,Q5,L,A,For_029,18
SP4,T46,Q5,L,A,Cyp_gra,70
SP4,T46,Q5,L,A,Lob_pur,1
SP4,T46,Q5,L,A,Les_jun,1
SP4,T46,Q5,L,A,Cyp_002,11
SP4,T46,Q5,L,A,Cyn_dac,2
SP4,T46,Q5,L,A,Spo_cre,57
SP4,T46,Q5,L,A,Gam_cal,1
SP4,T46,Q5,L,A,Era_lep,1
SP4,T46,Q5,L,A,Cyp_006,1
SP4,T46,Q5,L,A,Seh_ner,1
SP4,T46,Q5,L,A,Sen_mad,1
SP4,T46,Q5,L,A,For_025,1
SP4,T46,Q5,L,A,Cys_pro,32
SP4,T46,Q5,L,A,For_084,129
SP4,T46,Q5,L,A,Nep_cor,1
SP4,T46,Q5,L,A,Mec_pro,3
SP4,T46,Q5,L,A,For_093,9
SP4,T46,Q5,L,A,Men_sat,1
SP4,T46,Q5,L,A,For_102,1
SP4,T46,Q5,L,A,Poe_164,1
SP3,T40,Q3,L,B,Bid_pil,46
SP3,T40,Q3,L,B,Mel_rep,72
SP3,T40,Q3,L,B,Les_jun,7
SP3,T40,Q3,L,B,Gly_wig,1
SP3,T40,Q3,L,B,Sol_nig,1
SP3,T40,Q3,L,B,Oxa_cor,6
SP3,T40,Q3,L,B,Con_bon,62
SP3,T40,Q3,L,B,Son_ole,2
SP3,T40,Q3,L,B,Cyp_010,1
SP3,T40,Q3,L,B,Gal_ten,2
SP3,T40,Q3,L,B,Poe_009,1
SP3,T40,Q3,L,B,Gam_cal,1
SP3,T40,Q3,L,B,Lob_pur,1
SP3,T40,Q3,L,B,Cyp_agg,4
SP3,T40,Q3,L,B,Spo_cre,8
SP3,T40,Q3,L,B,For_017,2
SP3,T40,Q3,L,B,Ver_lit,1
SP3,T40,Q3,L,B,Cyp_pol,2
SP3,T40,Q3,L,B,Ein_nut,5
SP3,T40,Q3,L,B,For_021,2
SP3,T40,Q3,L,B,Cyp_002,4
SP3,T40,Q3,L,B,Cyp_gra,11
SP3,T40,Q3,L,B,Con_can,3
SP3,T40,Q3,L,B,Wah_gra,2
SP3,T40,Q3,L,B,Poe_116,7
SP3,T40,Q3,L,B,Ari_que,2
SP3,T40,Q3,L,B,Cha_hir,1
SP3,T40,Q3,L,B,Cro_lan,2
SP3,T40,Q3,L,B,Cys_pro,51
SP3,T40,Q3,L,B,Nep_cor,6
SP3,T40,Q3,L,B,For_084,13
SP3,T40,Q3,L,B,Poe_148,1
SP3,T40,Q3,L,B,For_093,1
SP3,T40,Q3,L,B,For_102,1
SP3,T40,Q3,L,B,Spi_gum,1
SP3,T40,Q3,L,A,Bid_pil,42
SP3,T40,Q3,L,A,Les_jun,10
SP3,T40,Q3,L,A,Gly_wig,1
SP3,T40,Q3,L,A,Mel_rep,52
SP3,T40,Q3,L,A,Con_bon,81
SP3,T40,Q3,L,A,Gam_cal,2
SP3,T40,Q3,L,A,Lob_pur,2
SP3,T40,Q3,L,A,Ein_nut,5
SP3,T40,Q3,L,A,Oxa_cor,4
SP3,T40,Q3,L,A,Cyp_agg,2
SP3,T40,Q3,L,A,Ver_bon,4
SP3,T40,Q3,L,A,Ver_lit,1
SP3,T40,Q3,L,A,Cyp_002,5
SP3,T40,Q3,L,A,Cyp_gra,18
SP3,T40,Q3,L,A,Cro_mon,1
SP3,T40,Q3,L,A,Euc_sph,1
SP3,T40,Q3,L,A,Ari_que,6
SP3,T40,Q3,L,A,Wah_gra,2
SP3,T40,Q3,L,A,Pte_sph,1
SP3,T40,Q3,L,A,Poe_116,6
SP3,T40,Q3,L,A,Gly_tab,1
SP3,T40,Q3,L,A,Cys_pro,19
SP3,T40,Q3,L,A,Nep_cor,3
SP3,T40,Q3,L,A,For_084,12
SP3,T40,Q3,L,A,Cro_lan,1
SP3,T40,Q3,L,A,For_101,1
SP3,T40,Q3,L,A,Poe_164,1
SP4,T45,Q2,L,B,Bid_pil,3
SP4,T45,Q2,L,B,Sig_ori,5
SP4,T45,Q2,L,B,For_112,1
SP4,T45,Q2,L,B,Poe_003,6
SP4,T45,Q2,L,B,Sol_nig,2
SP4,T45,Q2,L,B,Ver_bon,9
SP4,T45,Q2,L,B,Gam_cal,5
SP4,T45,Q2,L,B,Con_bon,17
SP4,T45,Q2,L,B,Cyp_agg,3
SP4,T45,Q2,L,B,Wah_gra,1
SP4,T45,Q2,L,B,For_024,2
SP4,T45,Q2,L,B,For_023,1
SP4,T45,Q2,L,B,For_022,3
SP4,T45,Q2,L,B,Mel_rep,3
SP4,T45,Q2,L,B,Son_ole,1
SP4,T45,Q2,L,B,For_094,2
SP4,T45,Q2,L,B,Euc_sph,7
SP4,T45,Q2,L,B,Mal_ame,1
SP4,T45,Q2,L,B,Spo_elo,4
SP4,T45,Q2,L,B,Poe_086,1
SP4,T45,Q2,L,B,Oxa_cor,2
SP4,T45,Q2,L,B,Pan_eff,1
SP4,T45,Q2,L,B,Cys_pro,21
SP4,T45,Q2,L,B,Nep_cor,2
SP4,T45,Q2,L,B,Mec_pro,3
SP4,T45,Q2,L,B,For_084,11
SP4,T45,Q2,L,B,For_102,1
SP4,T45,Q2,L,B,For_093,3
SP3,T37,Q1,R,A,Bid_pil,25
SP3,T37,Q1,R,A,Mel_rep,39
SP3,T37,Q1,R,A,Sig_ori,8
SP3,T37,Q1,R,A,Ver_bon,39
SP3,T37,Q1,R,A,Sol_nig,18
SP3,T37,Q1,R,A,Gly_wig,1
SP3,T37,Q1,R,A,Het_con,1
SP3,T37,Q1,R,A,Con_bon,12
SP3,T37,Q1,R,A,Poe_045,213
SP3,T37,Q1,R,A,Lob_pur,6
SP3,T37,Q1,R,A,Ver_lit,1
SP3,T37,Q1,R,A,For_025,1
SP3,T37,Q1,R,A,Poe_166,6
SP3,T37,Q1,R,A,Poe_065,4
SP3,T37,Q1,R,A,For_021,1
SP3,T37,Q1,R,A,Poe_095,2
SP3,T37,Q1,R,A,Cyp_gra,165
SP3,T37,Q1,R,A,Cyp_dif,1
SP3,T37,Q1,R,A,Wah_gra,2
SP3,T37,Q1,R,A,Poe_116,2
SP3,T37,Q1,R,A,Mal_ame,1
SP3,T37,Q1,R,A,Cyp_002,5
SP3,T37,Q1,R,A,Cyp_004,1
SP3,T37,Q1,R,A,Nep_cor,6
SP3,T37,Q1,R,A,Cys_pro,13
SP3,T37,Q1,R,A,Poe_138,2
SP3,T37,Q1,R,A,Poe_145,1
SP3,T37,Q1,R,A,Poe_156,1
SP3,T37,Q1,R,A,For_084,12
SP3,T37,Q1,R,A,Mec_pro,1
SP3,T37,Q1,R,A,For_101,1
SP3,T37,Q1,R,A,For_103,1
SP3,T37,Q1,R,A,Poe_164,1
SP4,T46,Q1,L,A,Bid_pil,17
SP4,T46,Q1,L,A,Sig_ori,4
SP4,T46,Q1,L,A,Sol_nig,6
SP4,T46,Q1,L,A,Spo_elo,22
SP4,T46,Q1,L,A,Spo_cre,44
SP4,T46,Q1,L,A,For_029,12
SP4,T46,Q1,L,A,Cyp_dif,4
SP4,T46,Q1,L,A,Cyp_002,26
SP4,T46,Q1,L,A,For_022,7
SP4,T46,Q1,L,A,Wah_gra,27
SP4,T46,Q1,L,A,Cyn_dac,1
SP4,T46,Q1,L,A,Het_con,2
SP4,T46,Q1,L,A,Gam_cal,3
SP4,T46,Q1,L,A,Con_bon,5
SP4,T46,Q1,L,A,Cyp_gra,248
SP4,T46,Q1,L,A,Pan_eff,1
SP4,T46,Q1,L,A,Era_lep,4
SP4,T46,Q1,L,A,Poe_133,3
SP4,T46,Q1,L,A,Cyp_004,1
SP4,T46,Q1,L,A,Con_can,1
SP4,T46,Q1,L,A,Cys_pro,5
SP4,T46,Q1,L,A,For_089,1
SP4,T46,Q1,L,A,Nep_cor,3
SP4,T46,Q1,L,A,Mec_pro,2
SP4,T46,Q1,L,A,For_108,1
SP4,T46,Q1,L,A,For_084,4
SP3,T38,Q3,L,A,Bid_pil,55
SP3,T38,Q3,L,A,Mel_rep,19
SP3,T38,Q3,L,A,Sig_ori,1
SP3,T38,Q3,L,A,Les_jun,8
SP3,T38,Q3,L,A,Cir_vul,1
SP3,T38,Q3,L,A,Lan_cam,1
SP3,T38,Q3,L,A,Cro_mon,1
SP3,T38,Q3,L,A,Pas_foe,1
SP3,T38,Q3,L,A,Wah_gra,36
SP3,T38,Q3,L,A,Cyp_agg,15
SP3,T38,Q3,L,A,Con_bon,6
SP3,T38,Q3,L,A,Spo_elo,9
SP3,T38,Q3,L,A,Por_ole,3
SP3,T38,Q3,L,A,Ver_lit,3
SP3,T38,Q3,L,A,Cyp_gra,61
SP3,T38,Q3,L,A,Hyd_lax,1
SP3,T38,Q3,L,A,Cyp_dif,6
SP3,T38,Q3,L,A,Cyp_002,11
SP3,T38,Q3,L,A,Euc_sph,2
SP3,T38,Q3,L,A,Spo_cre,2
SP3,T38,Q3,L,A,Ari_que,2
SP3,T38,Q3,L,A,Poe_116,1
SP3,T38,Q3,L,A,Poe_117,1
SP3,T38,Q3,L,A,Pas_dis,1
SP3,T38,Q3,L,A,Men_sat,1
SP3,T38,Q3,L,A,Cys_pro,4
SP3,T38,Q3,L,A,Mec_pro,4
SP3,T38,Q3,L,A,Nep_cor,2
SP3,T38,Q3,L,A,For_084,4
SP3,T38,Q3,L,A,For_100,1
SP3,T38,Q3,L,A,Spi_gum,1
SP3,T38,Q3,L,A,For_093,1
SP3,T38,Q3,L,A,Eup_dru,1
SP3,T38,Q3,L,A,Gam_cal,1
SP3,T38,Q5,L,A,Bid_pil,18
SP3,T38,Q5,L,A,Ver_bon,21
SP3,T38,Q5,L,A,Sig_ori,10
SP3,T38,Q5,L,A,Ein_nut,2
SP3,T38,Q5,L,A,Les_jun,2
SP3,T38,Q5,L,A,Mel_rep,5
SP3,T38,Q5,L,A,Poe_002,1
SP3,T38,Q5,L,A,Wah_gra,108
SP3,T38,Q5,L,A,Con_bon,8
SP3,T38,Q5,L,A,Con_can,1
SP3,T38,Q5,L,A,Gam_cal,17
SP3,T38,Q5,L,A,For_023,3
SP3,T38,Q5,L,A,Poe_057,4
SP3,T38,Q5,L,A,Cyp_agg,4
SP3,T38,Q5,L,A,Pan_eff,1
SP3,T38,Q5,L,A,Oxa_cor,1
SP3,T38,Q5,L,A,Hyd_lax,1
SP3,T38,Q5,L,A,Cyp_002,6
SP3,T38,Q5,L,A,Cyp_gra,86
SP3,T38,Q5,L,A,Ari_que,4
SP3,T38,Q5,L,A,Bot_bla,4
SP3,T38,Q5,L,A,Poe_122,1
SP3,T38,Q5,L,A,Cys_pro,14
SP3,T38,Q5,L,A,Nep_cor,2
SP3,T38,Q5,L,A,Cro_lan,1
SP3,T38,Q5,L,A,Euc_sph,1
SP3,T38,Q5,L,A,Gly_wig,1
SP3,T38,Q5,L,A,For_084,9
SP3,T38,Q5,L,A,Poe_159,1
SP3,T38,Q5,L,A,Spi_gum,2
SP3,T38,Q5,L,A,For_108,4
SP4,T41,Q5,R,B,Bid_pil,4
SP4,T41,Q5,R,B,Sol_nig,5
SP4,T41,Q5,R,B,Mel_rep,14
SP4,T41,Q5,R,B,Het_con,1
SP4,T41,Q5,R,B,Emi_son,4
SP4,T41,Q5,R,B,For_002,2
SP4,T41,Q5,R,B,Cyp_agg,9
SP4,T41,Q5,R,B,Chl_div,2
SP4,T41,Q5,R,B,Pan_eff,4
SP4,T41,Q5,R,B,Dic_rep,1
SP4,T41,Q5,R,B,Con_bon,11
SP4,T41,Q5,R,B,Gam_cal,8
SP4,T41,Q5,R,B,For_022,10
SP4,T41,Q5,R,B,Eup_dru,1
SP4,T41,Q5,R,B,Spo_cre,5
SP4,T41,Q5,R,B,Cyp_gra,6
SP4,T41,Q5,R,B,Poe_068,4
SP4,T41,Q5,R,B,For_094,3
SP4,T41,Q5,R,B,Poe_082,16
SP4,T41,Q5,R,B,Ari_que,9
SP4,T41,Q5,R,B,Spo_elo,2
SP4,T41,Q5,R,B,Wah_gra,3
SP4,T41,Q5,R,B,Cys_pro,24
SP4,T41,Q5,R,B,Poe_136,1
SP4,T41,Q5,R,B,Poe_137,1
SP4,T41,Q5,R,B,Lob_pur,1
SP4,T41,Q5,R,B,For_110,1
SP4,T41,Q5,R,B,Gly_wig,1
SP4,T41,Q5,R,B,For_084,22
SP4,T41,Q5,R,B,For_093,1
SP4,T41,Q5,R,B,Spi_gum,3
SP4,T41,Q5,R,B,Ver_bon,1
SP4,T41,Q5,R,B,Car_hir,2
SP4,T41,Q5,R,A,Bid_pil,12
SP4,T41,Q5,R,A,Cro_lan,1
SP4,T41,Q5,R,A,Mel_rep,5
SP4,T41,Q5,R,A,For_002,1
SP4,T41,Q5,R,A,Emi_son,4
SP4,T41,Q5,R,A,Son_ole,1
SP4,T41,Q5,R,A,Con_bon,12
SP4,T41,Q5,R,A,Cyp_agg,7
SP4,T41,Q5,R,A,Oxa_cor,1
SP4,T41,Q5,R,A,Cyp_010,1
SP4,T41,Q5,R,A,Imp_cyl,3
SP4,T41,Q5,R,A,Gal_ten,1
SP4,T41,Q5,R,A,Gam_cal,12
SP4,T41,Q5,R,A,Poe_020,4
SP4,T41,Q5,R,A,Spo_cre,4
SP4,T41,Q5,R,A,Het_con,1
SP4,T41,Q5,R,A,Euc_cre,1
SP4,T41,Q5,R,A,Ger_sol,3
SP4,T41,Q5,R,A,For_022,12
SP4,T41,Q5,R,A,Men_sat,1
SP4,T41,Q5,R,A,Cyp_dif,2
SP4,T41,Q5,R,A,Cyp_gra,5
SP4,T41,Q5,R,A,Cyp_002,2
SP4,T41,Q5,R,A,Ver_lit,1
SP4,T41,Q5,R,A,Poe_082,10
SP4,T41,Q5,R,A,Poe_083,1
SP4,T41,Q5,R,A,Spo_elo,7
SP4,T41,Q5,R,A,Ari_que,6
SP4,T41,Q5,R,A,Wah_gra,1
SP4,T41,Q5,R,A,Poe_086,2
SP4,T41,Q5,R,A,Pte_sph,1
SP4,T41,Q5,R,A,Pan_eff,1
SP4,T41,Q5,R,A,For_094,1
SP4,T41,Q5,R,A,Poe_119,1
SP4,T41,Q5,R,A,Por_ole,1
SP4,T41,Q5,R,A,Con_can,1
SP4,T41,Q5,R,A,Poe_131,1
SP4,T41,Q5,R,A,Cys_pro,15
SP4,T41,Q5,R,A,For_023,1
SP4,T41,Q5,R,A,For_080,1
SP4,T41,Q5,R,A,Nep_cor,4
SP4,T41,Q5,R,A,Poe_142,1
SP4,T41,Q5,R,A,For_084,12
SP4,T41,Q5,R,A,Mec_pro,2
SP4,T41,Q5,R,A,For_093,1
SP4,T41,Q5,R,A,For_106,1
SP4,T43,Q5,R,A,Bid_pil,19
SP4,T43,Q5,R,A,Ver_bon,44
SP4,T43,Q5,R,A,Cro_lan,1
SP4,T43,Q5,R,A,For_112,1
SP4,T43,Q5,R,A,Sol_nig,2
SP4,T43,Q5,R,A,Pas_foe,1
SP4,T43,Q5,R,A,Sid_acu,5
SP4,T43,Q5,R,A,Oxa_cor,1
SP4,T43,Q5,R,A,Con_bon,21
SP4,T43,Q5,R,A,Poe_011,3
SP4,T43,Q5,R,A,Lob_pur,15
SP4,T43,Q5,R,A,Spo_cre,12
SP4,T43,Q5,R,A,Hyd_lax,2
SP4,T43,Q5,R,A,Con_can,1
SP4,T43,Q5,R,A,Wah_gra,27
SP4,T43,Q5,R,A,Cyp_agg,1
SP4,T43,Q5,R,A,Poe_048,8
SP4,T43,Q5,R,A,Spi_gum,22
SP4,T43,Q5,R,A,For_022,9
SP4,T43,Q5,R,A,For_023,2
SP4,T43,Q5,R,A,For_029,1
SP4,T43,Q5,R,A,Cyp_002,42
SP4,T43,Q5,R,A,Cyp_gra,138
SP4,T43,Q5,R,A,Poe_079,1
SP4,T43,Q5,R,A,Spo_elo,6
SP4,T43,Q5,R,A,Men_sat,1
SP4,T43,Q5,R,A,Poe_086,2
SP4,T43,Q5,R,A,Era_lep,8
SP4,T43,Q5,R,A,Het_con,1
SP4,T43,Q5,R,A,Sen_mad,1
SP4,T43,Q5,R,A,Cyp_004,4
SP4,T43,Q5,R,A,Nep_cor,2
SP4,T43,Q5,R,A,Cys_pro,9
SP4,T43,Q5,R,A,For_084,32
SP4,T43,Q5,R,A,Poe_151,1
SP4,T43,Q5,R,A,For_093,2
SP4,T43,Q5,R,A,For_108,5
SP4,T42,Q1,R,A,Bid_pil,11
SP4,T42,Q1,R,A,Gly_wig,17
SP4,T42,Q1,R,A,Por_ole,66
SP4,T42,Q1,R,A,Sig_ori,2
SP4,T42,Q1,R,A,Les_jun,4
SP4,T42,Q1,R,A,Cro_lan,3
SP4,T42,Q1,R,A,Mel_rep,30
SP4,T42,Q1,R,A,Con_bon,14
SP4,T42,Q1,R,A,Son_ole,1
SP4,T42,Q1,R,A,Cro_mon,1
SP4,T42,Q1,R,A,Lob_pur,2
SP4,T42,Q1,R,A,Sid_acu,2
SP4,T42,Q1,R,A,Cyp_agg,2
SP4,T42,Q1,R,A,Hyd_lax,5
SP4,T42,Q1,R,A,For_017,1
SP4,T42,Q1,R,A,Spo_cre,14
SP4,T42,Q1,R,A,Ver_lit,3
SP4,T42,Q1,R,A,For_023,1
SP4,T42,Q1,R,A,Cen_min,1
SP4,T42,Q1,R,A,Cyp_gra,20
SP4,T42,Q1,R,A,Gam_cal,4
SP4,T42,Q1,R,A,Gly_tab,5
SP4,T42,Q1,R,A,Pan_eff,2
SP4,T42,Q1,R,A,Het_con,1
SP4,T42,Q1,R,A,Cra_cre,1
SP4,T42,Q1,R,A,Euc_sph,1
SP4,T42,Q1,R,A,Cys_pro,22
SP4,T42,Q1,R,A,Cyp_002,1
SP4,T42,Q1,R,A,Nep_cor,2
SP4,T42,Q1,R,A,For_084,23
SP4,T42,Q1,R,A,For_108,2
SP3,T37,Q1,R,B,Bid_pil,18
SP3,T37,Q1,R,B,Sig_ori,7
SP3,T37,Q1,R,B,Ver_bon,19
SP3,T37,Q1,R,B,Mel_rep,16
SP3,T37,Q1,R,B,Sol_nig,6
SP3,T37,Q1,R,B,Con_bon,10
SP3,T37,Q1,R,B,Por_ole,1
SP3,T37,Q1,R,B,Lob_pur,6
SP3,T37,Q1,R,B,Gam_cal,1
SP3,T37,Q1,R,B,Poe_045,168
SP3,T37,Q1,R,B,Poe_166,10
SP3,T37,Q1,R,B,Men_sat,1
SP3,T37,Q1,R,B,Cyp_pol,1
SP3,T37,Q1,R,B,Cap_spi,3
SP3,T37,Q1,R,B,Mal_ame,5
SP3,T37,Q1,R,B,Cyp_002,23
SP3,T37,Q1,R,B,Cyp_gra,173
SP3,T37,Q1,R,B,Poe_116,4
SP3,T37,Q1,R,B,Cys_pro,13
SP3,T37,Q1,R,B,Cyp_agg,16
SP3,T37,Q1,R,B,Poe_143,6
SP3,T37,Q1,R,B,For_084,11
SP3,T37,Q1,R,B,Mec_pro,1
SP3,T37,Q1,R,B,Bot_bla,2
SP3,T37,Q1,R,B,For_106,1
SP3,T37,Q1,R,B,Poe_164,1
SP3,T39,Q3,R,A,Bid_pil,40
SP3,T39,Q3,R,A,Ver_bon,20
SP3,T39,Q3,R,A,Ein_nut,29
SP3,T39,Q3,R,A,Mel_rep,1
SP3,T39,Q3,R,A,Sol_nig,3
SP3,T39,Q3,R,A,Sid_acu,19
SP3,T39,Q3,R,A,Pas_foe,1
SP3,T39,Q3,R,A,Con_bon,27
SP3,T39,Q3,R,A,Wah_gra,31
SP3,T39,Q3,R,A,Hyd_lax,2
SP3,T39,Q3,R,A,Men_sat,9
SP3,T39,Q3,R,A,Lob_pur,4
SP3,T39,Q3,R,A,Ver_lit,1
SP3,T39,Q3,R,A,Oxa_cor,3
SP3,T39,Q3,R,A,Cyp_agg,114
SP3,T39,Q3,R,A,Het_con,2
SP3,T39,Q3,R,A,Cyp_gra,481
SP3,T39,Q3,R,A,Cyp_002,29
SP3,T39,Q3,R,A,Cyp_dif,3
SP3,T39,Q3,R,A,Ari_que,5
SP3,T39,Q3,R,A,Era_lep,2
SP3,T39,Q3,R,A,Mal_ame,4
SP3,T39,Q3,R,A,Gam_cal,1
SP3,T39,Q3,R,A,Poe_082,1
SP3,T39,Q3,R,A,Pas_dis,1
SP3,T39,Q3,R,A,Lag_gra,1
SP3,T39,Q3,R,A,Cys_pro,5
SP3,T39,Q3,R,A,Cyp_004,5
SP3,T39,Q3,R,A,Cyp_007,2
SP3,T39,Q3,R,A,Sen_mad,2
SP3,T39,Q3,R,A,Poe_156,1
SP3,T39,Q3,R,A,For_108,6
SP3,T39,Q3,R,A,Spi_gum,2
SP3,T37,Q5,R,B,Bid_pil,20
SP3,T37,Q5,R,B,Cro_lan,1
SP3,T37,Q5,R,B,Mel_rep,56
SP3,T37,Q5,R,B,Con_bon,11
SP3,T37,Q5,R,B,Lob_pur,6
SP3,T37,Q5,R,B,Cyp_agg,8
SP3,T37,Q5,R,B,Gam_cal,11
SP3,T37,Q5,R,B,Het_con,2
SP3,T37,Q5,R,B,Eup_dru,2
SP3,T37,Q5,R,B,For_021,2
SP3,T37,Q5,R,B,Wah_gra,21
SP3,T37,Q5,R,B,Euc_sph,6
SP3,T37,Q5,R,B,Poe_082,6
SP3,T37,Q5,R,B,Pan_eff,1
SP3,T37,Q5,R,B,Poe_116,1
SP3,T37,Q5,R,B,Poe_120,1
SP3,T37,Q5,R,B,Cyp_002,5
SP3,T37,Q5,R,B,Cyp_gra,62
SP3,T37,Q5,R,B,Cyp_dif,2
SP3,T37,Q5,R,B,Ari_que,1
SP3,T37,Q5,R,B,For_035,5
SP3,T37,Q5,R,B,For_022,1
SP3,T37,Q5,R,B,Cyp_004,3
SP3,T37,Q5,R,B,Cys_pro,9
SP3,T37,Q5,R,B,Nep_cor,1
SP3,T37,Q5,R,B,Bot_bla,1
SP3,T37,Q5,R,B,Poe_156,1
SP3,T37,Q5,R,B,Spi_gum,2
SP3,T37,Q5,R,B,For_084,8
SP4,T44,Q5,L,B,Bid_pil,8
SP4,T44,Q5,L,B,Ver_bon,210
SP4,T44,Q5,L,B,Sig_ori,1
SP4,T44,Q5,L,B,Sol_nig,2
SP4,T44,Q5,L,B,Pas_foe,1
SP4,T44,Q5,L,B,Gly_wig,1
SP4,T44,Q5,L,B,Sid_acu,1
SP4,T44,Q5,L,B,Poe_003,102
SP4,T44,Q5,L,B,Mel_rep,2
SP4,T44,Q5,L,B,Cyp_010,22
SP4,T44,Q5,L,B,Con_bon,18
SP4,T44,Q5,L,B,For_002,1
SP4,T44,Q5,L,B,Oxa_cor,9
SP4,T44,Q5,L,B,Dic_rep,39
SP4,T44,Q5,L,B,Het_con,1
SP4,T44,Q5,L,B,Cyp_gra,49
SP4,T44,Q5,L,B,Hyd_lax,10
SP4,T44,Q5,L,B,Cyp_agg,55
SP4,T44,Q5,L,B,Lob_pur,5
SP4,T44,Q5,L,B,Cyp_bre,23
SP4,T44,Q5,L,B,Ari_que,1
SP4,T44,Q5,L,B,For_027,1
SP4,T44,Q5,L,B,Spo_elo,4
SP4,T44,Q5,L,B,For_021,1
SP4,T44,Q5,L,B,Cyp_003,29
SP4,T44,Q5,L,B,Cyp_002,38
SP4,T44,Q5,L,B,Spo_cre,1
SP4,T44,Q5,L,B,Cyp_dif,6
SP4,T44,Q5,L,B,Gam_cal,1
SP4,T44,Q5,L,B,Cys_pro,7
SP4,T44,Q5,L,B,Nep_cor,2
SP4,T44,Q5,L,B,Poe_155,1
SP4,T44,Q5,L,B,Poe_156,2
SP4,T44,Q5,L,B,Spi_gum,1
SP4,T44,Q5,L,B,For_106,2
SP4,T44,Q5,L,B,For_084,1
SP4,T44,Q5,L,B,For_108,1
SP4,T44,Q5,L,B,Poe_164,1
SP4,T43,Q1,R,A,Bid_pil,9
SP4,T43,Q1,R,A,Ver_bon,6
SP4,T43,Q1,R,A,Sig_ori,3
SP4,T43,Q1,R,A,Ein_nut,12
SP4,T43,Q1,R,A,Sol_nig,10
SP4,T43,Q1,R,A,Sid_acu,2
SP4,T43,Q1,R,A,Poe_012,22
SP4,T43,Q1,R,A,Con_bon,7
SP4,T43,Q1,R,A,Sen_mad,3
SP4,T43,Q1,R,A,Gam_cal,5
SP4,T43,Q1,R,A,Con_can,1
SP4,T43,Q1,R,A,For_022,24
SP4,T43,Q1,R,A,For_029,5
SP4,T43,Q1,R,A,Cyp_agg,11
SP4,T43,Q1,R,A,Cyp_002,22
SP4,T43,Q1,R,A,Cyp_gra,73
SP4,T43,Q1,R,A,Spo_cre,81
SP4,T43,Q1,R,A,For_038,4
SP4,T43,Q1,R,A,Era_lep,14
SP4,T43,Q1,R,A,Spo_elo,8
SP4,T43,Q1,R,A,Ari_que,2
SP4,T43,Q1,R,A,Poe_086,2
SP4,T43,Q1,R,A,Pan_eff,1
SP4,T43,Q1,R,A,Bot_bla,2
SP4,T43,Q1,R,A,For_035,4
SP4,T43,Q1,R,A,Lag_gra,4
SP4,T43,Q1,R,A,Cal_cun,3
SP4,T43,Q1,R,A,Wah_gra,16
SP4,T43,Q1,R,A,Hyd_lax,2
SP4,T43,Q1,R,A,Cyp_004,6
SP4,T43,Q1,R,A,Cyp_dif,2
SP4,T43,Q1,R,A,Mal_ame,1
SP4,T43,Q1,R,A,For_089,2
SP4,T43,Q1,R,A,Cys_pro,12
SP4,T43,Q1,R,A,Nep_cor,1
SP4,T43,Q1,R,A,For_084,5
SP4,T43,Q1,R,A,Spi_gum,1
SP4,T43,Q1,R,A,For_108,6
SP4,T43,Q1,R,A,For_007,1
SP4,T43,Q3,L,A,Bid_pil,7
SP4,T43,Q3,L,A,Sig_ori,8
SP4,T43,Q3,L,A,Ver_bon,5
SP4,T43,Q3,L,A,Ein_nut,2
SP4,T43,Q3,L,A,For_112,1
SP4,T43,Q3,L,A,Cyp_010,1
SP4,T43,Q3,L,A,Mec_pro,2
SP4,T43,Q3,L,A,Gam_cal,2
SP4,T43,Q3,L,A,Con_bon,2
SP4,T43,Q3,L,A,Eup_dru,2
SP4,T43,Q3,L,A,Wah_gra,11
SP4,T43,Q3,L,A,Spo_cre,6
SP4,T43,Q3,L,A,Hyd_lax,1
SP4,T43,Q3,L,A,Men_sat,1
SP4,T43,Q3,L,A,Spi_gum,3
SP4,T43,Q3,L,A,Cyp_gra,127
SP4,T43,Q3,L,A,Cyp_002,12
SP4,T43,Q3,L,A,For_039,1
SP4,T43,Q3,L,A,Pan_eff,6
SP4,T43,Q3,L,A,Spo_elo,1
SP4,T43,Q3,L,A,Het_con,1
SP4,T43,Q3,L,A,Cyp_dif,3
SP4,T43,Q3,L,A,For_035,1
SP4,T43,Q3,L,A,For_025,2
SP4,T43,Q3,L,A,Cys_pro,14
SP4,T43,Q3,L,A,Poe_133,4
SP4,T43,Q3,L,A,For_084,11
SP4,T43,Q3,L,A,Sol_nig,2
SP4,T43,Q3,L,A,For_098,3
SP4,T43,Q3,L,A,For_108,1
SP4,T43,Q1,R,B,Bid_pil,9
SP4,T43,Q1,R,B,Pas_foe,3
SP4,T43,Q1,R,B,Sig_ori,7
SP4,T43,Q1,R,B,Ver_bon,3
SP4,T43,Q1,R,B,Sol_nig,3
SP4,T43,Q1,R,B,Sid_acu,1
SP4,T43,Q1,R,B,Poe_012,1
SP4,T43,Q1,R,B,Cyp_agg,9
SP4,T43,Q1,R,B,Sen_mad,2
SP4,T43,Q1,R,B,Ein_nut,3
SP4,T43,Q1,R,B,Mel_rep,11
SP4,T43,Q1,R,B,Con_bon,3
SP4,T43,Q1,R,B,Hyd_lax,6
SP4,T43,Q1,R,B,For_022,9
SP4,T43,Q1,R,B,Men_sat,3
SP4,T43,Q1,R,B,Spo_cre,65
SP4,T43,Q1,R,B,For_029,11
SP4,T43,Q1,R,B,For_038,3
SP4,T43,Q1,R,B,Gly_tab,1
SP4,T43,Q1,R,B,Era_lep,15
SP4,T43,Q1,R,B,Ari_que,2
SP4,T43,Q1,R,B,Spo_elo,15
SP4,T43,Q1,R,B,Bot_bla,9
SP4,T43,Q1,R,B,Bot_dec,3
SP4,T43,Q1,R,B,Pan_eff,3
SP4,T43,Q1,R,B,Cyp_002,14
SP4,T43,Q1,R,B,Cyp_gra,81
SP4,T43,Q1,R,B,Gre_ret,2
SP4,T43,Q1,R,B,For_113,1
SP4,T43,Q1,R,B,For_035,10
SP4,T43,Q1,R,B,Wah_gra,17
SP4,T43,Q1,R,B,Cyp_004,1
SP4,T43,Q1,R,B,Dic_rep,2
SP4,T43,Q1,R,B,Oxa_cor,1
SP4,T43,Q1,R,B,Cys_pro,11
SP4,T43,Q1,R,B,Lob_pur,3
SP4,T43,Q1,R,B,For_023,1
SP4,T43,Q1,R,B,Nep_cor,1
SP4,T43,Q1,R,B,For_084,4
SP4,T43,Q1,R,B,Poe_158,1
SP4,T43,Q1,R,B,Mec_pro,1
SP4,T43,Q1,R,B,Gam_cal,1
SP4,T43,Q1,R,B,For_108,4
SP4,T42,Q3,L,A,Bid_pil,8
SP4,T42,Q3,L,A,Ver_bon,49
SP4,T42,Q3,L,A,Mel_rep,13
SP4,T42,Q3,L,A,Gam_cal,5
SP4,T42,Q3,L,A,Lob_pur,13
SP4,T42,Q3,L,A,Cyp_agg,9
SP4,T42,Q3,L,A,Cyp_010,1
SP4,T42,Q3,L,A,Con_bon,9
SP4,T42,Q3,L,A,Hyd_lax,12
SP4,T42,Q3,L,A,Men_sat,2
SP4,T42,Q3,L,A,Dic_rep,3
SP4,T42,Q3,L,A,Sid_acu,1
SP4,T42,Q3,L,A,Cyp_002,28
SP4,T42,Q3,L,A,Cyp_gra,18
SP4,T42,Q3,L,A,For_038,2
SP4,T42,Q3,L,A,For_029,1
SP4,T42,Q3,L,A,Spi_gum,2
SP4,T42,Q3,L,A,Cyp_pol,1
SP4,T42,Q3,L,A,Poe_105,6
SP4,T42,Q3,L,A,Poe_074,1
SP4,T42,Q3,L,A,Pan_eff,1
SP4,T42,Q3,L,A,Era_lep,1
SP4,T42,Q3,L,A,Gal_ten,2
SP4,T42,Q3,L,A,Gly_tab,1
SP4,T42,Q3,L,A,Cyp_006,3
SP4,T42,Q3,L,A,Cys_pro,22
SP4,T42,Q3,L,A,Nep_cor,5
SP4,T42,Q3,L,A,Poe_134,1
SP4,T42,Q3,L,A,Mal_ame,1
SP4,T42,Q3,L,A,Cyp_dif,2
SP4,T42,Q3,L,A,Cyp_004,2
SP4,T42,Q3,L,A,Ein_nut,1
SP4,T42,Q3,L,A,Ari_que,2
SP4,T42,Q3,L,A,Poe_150,1
SP4,T42,Q3,L,A,For_084,14
SP4,T42,Q3,L,A,Poe_156,1
SP4,T42,Q3,L,A,For_108,2
SP4,T42,Q3,L,A,Son_ole,1
SP4,T42,Q3,L,A,Pas_foe,1
SP4,T42,Q3,L,A,Gly_wig,1
SP4,T42,Q3,L,A,Eup_dru,1
SP4,T42,Q3,L,A,Oxa_cor,1
SP4,T45,Q4,R,A,Bid_pil,11
SP4,T45,Q4,R,A,Cro_lan,8
SP4,T45,Q4,R,A,Les_jun,7
SP4,T45,Q4,R,A,Por_ole,15
SP4,T45,Q4,R,A,Mel_rep,38
SP4,T45,Q4,R,A,For_112,1
SP4,T45,Q4,R,A,Het_con,2
SP4,T45,Q4,R,A,Pas_foe,1
SP4,T45,Q4,R,A,Euc_cre,15
SP4,T45,Q4,R,A,Oxa_cor,1
SP4,T45,Q4,R,A,Con_bon,38
SP4,T45,Q4,R,A,Pas_dis,2
SP4,T45,Q4,R,A,Pan_dec,1
SP4,T45,Q4,R,A,Cym_ref,3
SP4,T45,Q4,R,A,Spo_cre,2
SP4,T45,Q4,R,A,Cyp_002,1
SP4,T45,Q4,R,A,Gal_ten,1
SP4,T45,Q4,R,A,Poe_122,1
SP4,T45,Q4,R,A,Poe_123,1
SP4,T45,Q4,R,A,Bot_bla,1
SP4,T45,Q4,R,A,Seh_ner,1
SP4,T45,Q4,R,A,Con_can,1
SP4,T45,Q4,R,A,Cys_pro,13
SP4,T45,Q4,R,A,Pan_eff,1
SP4,T45,Q4,R,A,For_084,16
SP4,T45,Q4,R,A,Nep_cor,1
SP4,T45,Q4,R,A,Mec_pro,3
SP4,T45,Q4,R,A,Cyp_gra,1
SP4,T45,Q4,R,A,For_093,4
SP4,T45,Q4,R,A,For_098,6
SP3,T39,Q3,R,B,Bid_pil,41
SP3,T39,Q3,R,B,Ein_nut,73
SP3,T39,Q3,R,B,Ver_bon,33
SP3,T39,Q3,R,B,Sol_nig,3
SP3,T39,Q3,R,B,Sid_acu,16
SP3,T39,Q3,R,B,Het_con,10
SP3,T39,Q3,R,B,Con_bon,61
SP3,T39,Q3,R,B,Oxa_cor,16
SP3,T39,Q3,R,B,For_007,2
SP3,T39,Q3,R,B,Poe_007,3
SP3,T39,Q3,R,B,Gam_cal,2
SP3,T39,Q3,R,B,Ari_que,19
SP3,T39,Q3,R,B,For_112,1
SP3,T39,Q3,R,B,Lob_pur,9
SP3,T39,Q3,R,B,Men_sat,15
SP3,T39,Q3,R,B,Cyp_dif,3
SP3,T39,Q3,R,B,Ver_lit,1
SP3,T39,Q3,R,B,Cyp_bre,20
SP3,T39,Q3,R,B,Cyp_002,64
SP3,T39,Q3,R,B,Cyp_gra,429
SP3,T39,Q3,R,B,Spo_cre,1
SP3,T39,Q3,R,B,Con_can,1
SP3,T39,Q3,R,B,For_038,7
SP3,T39,Q3,R,B,Wah_gra,17
SP3,T39,Q3,R,B,Poe_092,1
SP3,T39,Q3,R,B,Pas_dis,1
SP3,T39,Q3,R,B,Lag_gra,3
SP3,T39,Q3,R,B,For_017,1
SP3,T39,Q3,R,B,Poe_074,2
SP3,T39,Q3,R,B,Mal_ame,1
SP3,T39,Q3,R,B,For_021,1
SP3,T39,Q3,R,B,Cys_pro,9
SP3,T39,Q3,R,B,For_083,1
SP3,T39,Q3,R,B,For_089,1
SP3,T39,Q3,R,B,Emi_son,1
SP3,T39,Q3,R,B,Mec_pro,2
SP3,T39,Q3,R,B,Poe_156,7
SP3,T39,Q3,R,B,Spi_gum,1
SP3,T39,Q3,R,B,For_084,2
SP4,T46,Q5,L,B,Bid_pil,26
SP4,T46,Q5,L,B,Ver_bon,9
SP4,T46,Q5,L,B,Sig_ori,6
SP4,T46,Q5,L,B,Sol_nig,1
SP4,T46,Q5,L,B,Sid_acu,3
SP4,T46,Q5,L,B,Euc_cre,2
SP4,T46,Q5,L,B,Het_con,8
SP4,T46,Q5,L,B,Cyp_010,1
SP4,T46,Q5,L,B,Con_bon,3
SP4,T46,Q5,L,B,Spi_gum,30
SP4,T46,Q5,L,B,Hyd_lax,2
SP4,T46,Q5,L,B,For_023,1
SP4,T46,Q5,L,B,For_022,29
SP4,T46,Q5,L,B,Men_sat,1
SP4,T46,Q5,L,B,Mel_rep,1
SP4,T46,Q5,L,B,Wah_gra,14
SP4,T46,Q5,L,B,Cyp_gra,60
SP4,T46,Q5,L,B,Spo_cre,114
SP4,T46,Q5,L,B,Era_lep,2
SP4,T46,Q5,L,B,Seh_ner,2
SP4,T46,Q5,L,B,Cyn_dac,3
SP4,T46,Q5,L,B,Cyp_002,4
SP4,T46,Q5,L,B,Cyp_agg,1
SP4,T46,Q5,L,B,For_035,17
SP4,T46,Q5,L,B,For_029,10
SP4,T46,Q5,L,B,Mal_ame,1
SP4,T46,Q5,L,B,Cyp_004,1
SP4,T46,Q5,L,B,Cys_pro,43
SP4,T46,Q5,L,B,For_080,1
SP4,T46,Q5,L,B,For_084,165
SP4,T46,Q5,L,B,Nep_cor,3
SP4,T46,Q5,L,B,Sen_mad,1
SP4,T46,Q5,L,B,Lob_pur,1
SP4,T46,Q5,L,B,Mec_pro,8
SP4,T46,Q5,L,B,Gam_cal,3
SP4,T46,Q5,L,B,For_093,3
SP4,T46,Q5,L,B,For_098,2
SP4,T46,Q5,L,B,For_108,1
SP4,T42,Q5,R,A,Bid_pil,3
SP4,T42,Q5,R,A,Mel_rep,30
SP4,T42,Q5,R,A,Les_jun,1
SP4,T42,Q5,R,A,Poe_006,18
SP4,T42,Q5,R,A,Gam_cal,2
SP4,T42,Q5,R,A,Con_bon,7
SP4,T42,Q5,R,A,Sol_nig,1
SP4,T42,Q5,R,A,Cyp_010,1
SP4,T42,Q5,R,A,Euc_cre,1
SP4,T42,Q5,R,A,Poe_003,2
SP4,T42,Q5,R,A,Spo_cre,3
SP4,T42,Q5,R,A,Eup_dru,1
SP4,T42,Q5,R,A,Cyp_gra,36
SP4,T42,Q5,R,A,Con_can,1
SP4,T42,Q5,R,A,Poe_116,2
SP4,T42,Q5,R,A,Pan_dec,1
SP4,T42,Q5,R,A,Spo_elo,1
SP4,T42,Q5,R,A,Cys_pro,27
SP4,T42,Q5,R,A,Nep_cor,4
SP4,T42,Q5,R,A,Mec_pro,4
SP4,T42,Q5,R,A,Ver_bon,1
SP4,T42,Q5,R,A,Cyp_agg,1
SP4,T42,Q5,R,A,Poe_045,1
SP4,T42,Q5,R,A,For_084,15
SP4,T42,Q5,R,A,For_093,3
SP4,T46,Q3,R,B,Bid_pil,2
SP4,T46,Q3,R,B,Cro_lan,6
SP4,T46,Q3,R,B,Ver_bon,13
SP4,T46,Q3,R,B,Ein_nut,48
SP4,T46,Q3,R,B,For_112,3
SP4,T46,Q3,R,B,Mel_rep,6
SP4,T46,Q3,R,B,Con_bon,8
SP4,T46,Q3,R,B,Les_jun,4
SP4,T46,Q3,R,B,Euc_cre,2
SP4,T46,Q3,R,B,Wah_gra,52
SP4,T46,Q3,R,B,Spo_cre,4
SP4,T46,Q3,R,B,Cyp_gra,47
SP4,T46,Q3,R,B,Cyp_agg,9
SP4,T46,Q3,R,B,Cyp_002,21
SP4,T46,Q3,R,B,Cyp_dif,3
SP4,T46,Q3,R,B,Spo_elo,2
SP4,T46,Q3,R,B,Ari_que,1
SP4,T46,Q3,R,B,Gam_cal,1
SP4,T46,Q3,R,B,For_035,5
SP4,T46,Q3,R,B,For_029,3
SP4,T46,Q3,R,B,Sen_mad,2
SP4,T46,Q3,R,B,Eup_dru,1
SP4,T46,Q3,R,B,For_022,1
SP4,T46,Q3,R,B,Cys_pro,29
SP4,T46,Q3,R,B,Nep_cor,4
SP4,T46,Q3,R,B,For_084,9
SP4,T46,Q3,R,B,Poe_152,1
SP4,T46,Q3,R,B,Gly_wig,1
SP4,T46,Q3,R,B,For_093,1
SP4,T46,Q3,R,B,For_108,5
SP4,T41,Q3,L,A,Bid_pil,1
SP4,T41,Q3,L,A,Mel_rep,72
SP4,T41,Q3,L,A,Cir_vul,1
SP4,T41,Q3,L,A,Ver_bon,18
SP4,T41,Q3,L,A,Cro_lan,2
SP4,T41,Q3,L,A,Les_jun,1
SP4,T41,Q3,L,A,For_112,3
SP4,T41,Q3,L,A,Het_con,4
SP4,T41,Q3,L,A,Gal_ten,2
SP4,T41,Q3,L,A,Gly_wig,3
SP4,T41,Q3,L,A,Cyp_010,1
SP4,T41,Q3,L,A,Wah_gra,35
SP4,T41,Q3,L,A,Con_can,6
SP4,T41,Q3,L,A,Gam_cal,7
SP4,T41,Q3,L,A,Poe_020,32
SP4,T41,Q3,L,A,Cyp_agg,6
SP4,T41,Q3,L,A,For_023,1
SP4,T41,Q3,L,A,For_022,33
SP4,T41,Q3,L,A,Con_bon,15
SP4,T41,Q3,L,A,Spo_cre,1
SP4,T41,Q3,L,A,Hyd_lax,1
SP4,T41,Q3,L,A,Men_sat,1
SP4,T41,Q3,L,A,For_027,1
SP4,T41,Q3,L,A,Cyp_002,1
SP4,T41,Q3,L,A,For_002,1
SP4,T41,Q3,L,A,Ari_que,2
SP4,T41,Q3,L,A,Cyp_gra,1
SP4,T41,Q3,L,A,For_029,4
SP4,T41,Q3,L,A,Poe_082,1
SP4,T41,Q3,L,A,The_aus,1
SP4,T41,Q3,L,A,Cys_pro,19
SP4,T41,Q3,L,A,For_084,40
SP4,T41,Q3,L,A,Nep_cor,1
SP4,T41,Q3,L,A,For_102,1
SP4,T41,Q3,L,A,For_107,1
SP4,T42,Q3,L,B,Bid_pil,12
SP4,T42,Q3,L,B,Ver_bon,41
SP4,T42,Q3,L,B,Sid_acu,4
SP4,T42,Q3,L,B,Mel_rep,10
SP4,T42,Q3,L,B,Poe_006,1
SP4,T42,Q3,L,B,Oxa_cor,4
SP4,T42,Q3,L,B,Cyp_010,2
SP4,T42,Q3,L,B,Les_jun,1
SP4,T42,Q3,L,B,Gam_cal,6
SP4,T42,Q3,L,B,Lob_pur,11
SP4,T42,Q3,L,B,Wah_gra,3
SP4,T42,Q3,L,B,Cyp_agg,18
SP4,T42,Q3,L,B,Dic_rep,8
SP4,T42,Q3,L,B,Hyd_lax,7
SP4,T42,Q3,L,B,Men_sat,3
SP4,T42,Q3,L,B,For_022,3
SP4,T42,Q3,L,B,Cyp_dif,4
SP4,T42,Q3,L,B,Het_con,1
SP4,T42,Q3,L,B,Cyp_002,19
SP4,T42,Q3,L,B,Cyp_gra,10
SP4,T42,Q3,L,B,For_038,4
SP4,T42,Q3,L,B,Pan_eff,2
SP4,T42,Q3,L,B,Poe_074,3
SP4,T42,Q3,L,B,Ari_que,7
SP4,T42,Q3,L,B,For_021,2
SP4,T42,Q3,L,B,Con_bon,1
SP4,T42,Q3,L,B,Poe_105,5
SP4,T42,Q3,L,B,Gre_ret,2
SP4,T42,Q3,L,B,For_029,3
SP4,T42,Q3,L,B,Poe_144,1
SP4,T42,Q3,L,B,Nep_cor,3
SP4,T42,Q3,L,B,Cys_pro,25
SP4,T42,Q3,L,B,For_082,1
SP4,T42,Q3,L,B,Poe_157,1
SP4,T42,Q3,L,B,Mec_pro,1
SP4,T42,Q3,L,B,Bot_bla,1
SP4,T42,Q3,L,B,For_084,15
SP4,T42,Q3,L,B,For_108,1
SP4,T44,Q5,L,A,Bid_pil,8
SP4,T44,Q5,L,A,Ver_bon,221
SP4,T44,Q5,L,A,Cir_vul,1
SP4,T44,Q5,L,A,Het_con,1
SP4,T44,Q5,L,A,Poe_003,105
SP4,T44,Q5,L,A,Gly_wig,1
SP4,T44,Q5,L,A,Emi_son,2
SP4,T44,Q5,L,A,Con_bon,14
SP4,T44,Q5,L,A,Cyp_010,14
SP4,T44,Q5,L,A,Son_ole,1
SP4,T44,Q5,L,A,Oxa_cor,8
SP4,T44,Q5,L,A,Poe_014,2
SP4,T44,Q5,L,A,Gam_cal,4
SP4,T44,Q5,L,A,Lob_pur,18
SP4,T44,Q5,L,A,Dic_rep,41
SP4,T44,Q5,L,A,Hyd_lax,9
SP4,T44,Q5,L,A,Cyp_agg,39
SP4,T44,Q5,L,A,Cyp_gra,48
SP4,T44,Q5,L,A,Cyp_bre,15
SP4,T44,Q5,L,A,Con_can,8
SP4,T44,Q5,L,A,Mel_rep,6
SP4,T44,Q5,L,A,Spo_cre,3
SP4,T44,Q5,L,A,Spi_gum,11
SP4,T44,Q5,L,A,Bot_dec,1
SP4,T44,Q5,L,A,Poe_106,1
SP4,T44,Q5,L,A,Poe_074,1
SP4,T44,Q5,L,A,Pas_dis,1
SP4,T44,Q5,L,A,Wah_gra,1
SP4,T44,Q5,L,A,Cyp_002,53
SP4,T44,Q5,L,A,Cyp_003,17
SP4,T44,Q5,L,A,Ein_nut,1
SP4,T44,Q5,L,A,Cys_pro,20
SP4,T44,Q5,L,A,Ari_que,1
SP4,T44,Q5,L,A,Cyp_dif,2
SP4,T44,Q5,L,A,For_029,1
SP4,T44,Q5,L,A,For_084,11
SP4,T44,Q5,L,A,Poe_150,1
SP4,T44,Q5,L,A,Poe_155,1
SP4,T44,Q5,L,A,Nep_cor,1
SP4,T44,Q5,L,A,Poe_156,2
SP3,T40,Q1,R,B,Bid_pil,7
SP3,T40,Q1,R,B,Sig_ori,3
SP3,T40,Q1,R,B,For_112,8
SP3,T40,Q1,R,B,Gly_wig,1
SP3,T40,Q1,R,B,Mel_rep,17
SP3,T40,Q1,R,B,Con_bon,37
SP3,T40,Q1,R,B,Oxa_cor,4
SP3,T40,Q1,R,B,Por_ole,4
SP3,T40,Q1,R,B,Euc_cre,3
SP3,T40,Q1,R,B,Wah_gra,1
SP3,T40,Q1,R,B,Cyp_gra,10
SP3,T40,Q1,R,B,For_021,1
SP3,T40,Q1,R,B,Con_can,12
SP3,T40,Q1,R,B,For_022,1
SP3,T40,Q1,R,B,Cyp_010,1
SP3,T40,Q1,R,B,Cyp_dif,1
SP3,T40,Q1,R,B,For_023,1
SP3,T40,Q1,R,B,Pas_dis,1
SP3,T40,Q1,R,B,Cyp_agg,4
SP3,T40,Q1,R,B,Spo_cre,1
SP3,T40,Q1,R,B,Gal_ten,1
SP3,T40,Q1,R,B,For_039,1
SP3,T40,Q1,R,B,Pte_sph,1
SP3,T40,Q1,R,B,For_040,3
SP3,T40,Q1,R,B,Cys_pro,27
SP3,T40,Q1,R,B,Nep_cor,1
SP3,T40,Q1,R,B,For_084,15
SP3,T40,Q1,R,B,Gam_cal,7
SP3,T40,Q1,R,B,For_108,6
SP3,T40,Q1,R,B,For_102,1
SP3,T40,Q1,R,B,Euc_sph,1
SP3,T40,Q1,R,B,Poe_003,7
SP4,T45,Q4,R,B,Bid_pil,7
SP4,T45,Q4,R,B,Cro_lan,4
SP4,T45,Q4,R,B,Les_jun,3
SP4,T45,Q4,R,B,Por_ole,31
SP4,T45,Q4,R,B,For_112,8
SP4,T45,Q4,R,B,Mel_rep,23
SP4,T45,Q4,R,B,Het_con,2
SP4,T45,Q4,R,B,Euc_cre,3
SP4,T45,Q4,R,B,Emi_son,1
SP4,T45,Q4,R,B,Con_bon,91
SP4,T45,Q4,R,B,Oxa_cor,2
SP4,T45,Q4,R,B,Eup_dru,3
SP4,T45,Q4,R,B,Con_can,2
SP4,T45,Q4,R,B,Ver_bon,2
SP4,T45,Q4,R,B,For_027,2
SP4,T45,Q4,R,B,Gam_cal,2
SP4,T45,Q4,R,B,Men_sat,3
SP4,T45,Q4,R,B,Gal_ten,2
SP4,T45,Q4,R,B,Cyp_002,2
SP4,T45,Q4,R,B,Cyp_gra,9
SP4,T45,Q4,R,B,For_022,1
SP4,T45,Q4,R,B,Sol_nig,1
SP4,T45,Q4,R,B,For_037,1
SP4,T45,Q4,R,B,For_021,1
SP4,T45,Q4,R,B,For_038,1
SP4,T45,Q4,R,B,For_039,4
SP4,T45,Q4,R,B,Cyp_003,1
SP4,T45,Q4,R,B,Pas_dis,1
SP4,T45,Q4,R,B,Bot_dec,1
SP4,T45,Q4,R,B,Poe_122,1
SP4,T45,Q4,R,B,Poe_123,2
SP4,T45,Q4,R,B,Cys_pro,18
SP4,T45,Q4,R,B,Spo_cre,1
SP4,T45,Q4,R,B,Nep_cor,2
SP4,T45,Q4,R,B,For_084,3
SP4,T45,Q4,R,B,For_093,1
SP4,T45,Q4,R,B,Pan_eff,1
SP3,T37,Q3,L,A,Bid_pil,1
SP3,T37,Q3,L,A,Ver_bon,44
SP3,T37,Q3,L,A,Les_jun,3
SP3,T37,Q3,L,A,Mel_rep,50
SP3,T37,Q3,L,A,Euc_sph,3
SP3,T37,Q3,L,A,Con_bon,4
SP3,T37,Q3,L,A,Spi_gum,2
SP3,T37,Q3,L,A,Cyp_agg,10
SP3,T37,Q3,L,A,Poe_003,4
SP3,T37,Q3,L,A,Ger_sol,1
SP3,T37,Q3,L,A,Hyd_lax,3
SP3,T37,Q3,L,A,Rum_bro,1
SP3,T37,Q3,L,A,Wah_gra,38
SP3,T37,Q3,L,A,For_021,1
SP3,T37,Q3,L,A,Cyp_002,1
SP3,T37,Q3,L,A,Poe_074,1
SP3,T37,Q3,L,A,Pan_eff,8
SP3,T37,Q3,L,A,Het_con,1
SP3,T37,Q3,L,A,Spo_cre,1
SP3,T37,Q3,L,A,Cyp_gra,7
SP3,T37,Q3,L,A,Seh_ner,1
SP3,T37,Q3,L,A,For_035,6
SP3,T37,Q3,L,A,Gam_cal,8
SP3,T37,Q3,L,A,Cys_pro,25
SP3,T37,Q3,L,A,Nep_cor,2
SP3,T37,Q3,L,A,Ari_que,1
SP3,T37,Q3,L,A,Mec_pro,2
SP3,T37,Q3,L,A,For_084,19
SP3,T37,Q3,L,A,For_093,4
SP3,T39,Q1,L,A,Bid_pil,62
SP3,T39,Q1,L,A,Ver_bon,64
SP3,T39,Q1,L,A,Ein_nut,45
SP3,T39,Q1,L,A,Cro_lan,1
SP3,T39,Q1,L,A,Mel_rep,25
SP3,T39,Q1,L,A,Gly_wig,1
SP3,T39,Q1,L,A,Cro_mon,1
SP3,T39,Q1,L,A,Con_bon,19
SP3,T39,Q1,L,A,Lob_pur,4
SP3,T39,Q1,L,A,Wah_gra,36
SP3,T39,Q1,L,A,Het_con,1
SP3,T39,Q1,L,A,Cyp_agg,4
SP3,T39,Q1,L,A,Cyp_010,1
SP3,T39,Q1,L,A,Ver_lit,16
SP3,T39,Q1,L,A,Con_can,1
SP3,T39,Q1,L,A,Sol_nig,1
SP3,T39,Q1,L,A,Pan_eff,15
SP3,T39,Q1,L,A,Son_ole,1
SP3,T39,Q1,L,A,For_027,1
SP3,T39,Q1,L,A,Lag_gra,2
SP3,T39,Q1,L,A,Cyp_gra,60
SP3,T39,Q1,L,A,Spo_cre,5
SP3,T39,Q1,L,A,Cyp_002,27
SP3,T39,Q1,L,A,Poe_074,2
SP3,T39,Q1,L,A,Seh_ner,5
SP3,T39,Q1,L,A,Cyp_dif,1
SP3,T39,Q1,L,A,For_035,34
SP3,T39,Q1,L,A,Gal_ten,1
SP3,T39,Q1,L,A,Cyp_004,3
SP3,T39,Q1,L,A,Gam_cal,3
SP3,T39,Q1,L,A,Nep_cor,2
SP3,T39,Q1,L,A,Cys_pro,6
SP3,T39,Q1,L,A,Poe_145,1
SP3,T39,Q1,L,A,Poe_156,2
SP3,T39,Q1,L,A,For_084,2
SP3,T39,Q1,L,A,Spi_gum,1
SP3,T39,Q1,L,A,For_098,1
SP3,T39,Q1,L,A,For_093,4
SP3,T39,Q1,L,A,For_107,2
SP3,T39,Q1,L,A,For_108,3
SP4,T43,Q3,L,B,Bid_pil,14
SP4,T43,Q3,L,B,Sig_ori,20
SP4,T43,Q3,L,B,Ein_nut,5
SP4,T43,Q3,L,B,Ver_bon,3
SP4,T43,Q3,L,B,Cro_lan,1
SP4,T43,Q3,L,B,For_112,1
SP4,T43,Q3,L,B,Gly_wig,1
SP4,T43,Q3,L,B,Sid_acu,1
SP4,T43,Q3,L,B,For_008,1
SP4,T43,Q3,L,B,For_009,1
SP4,T43,Q3,L,B,Con_can,7
SP4,T43,Q3,L,B,Gam_cal,6
SP4,T43,Q3,L,B,Ari_que,3
SP4,T43,Q3,L,B,Pan_dec,4
SP4,T43,Q3,L,B,Wah_gra,15
SP4,T43,Q3,L,B,Cyp_agg,2
SP4,T43,Q3,L,B,Cyp_gra,91
SP4,T43,Q3,L,B,Cyp_002,17
SP4,T43,Q3,L,B,For_035,5
SP4,T43,Q3,L,B,Era_lep,1
SP4,T43,Q3,L,B,For_113,1
SP4,T43,Q3,L,B,Nep_cor,1
SP4,T43,Q3,L,B,Cys_pro,25
SP4,T43,Q3,L,B,Hyd_lax,1
SP4,T43,Q3,L,B,Sol_nig,1
SP4,T43,Q3,L,B,Lob_pur,1
SP4,T43,Q3,L,B,For_098,4
SP4,T43,Q3,L,B,Mec_pro,2
SP4,T43,Q3,L,B,Poe_158,2
SP4,T43,Q3,L,B,For_093,5
SP4,T43,Q3,L,B,Car_hir,1
SP4,T43,Q3,L,B,Con_bon,1
SP4,T43,Q3,L,B,Spi_gum,1
SP4,T43,Q3,L,B,For_084,4
SP4,T42,Q5,R,B,Bid_pil,8
SP4,T42,Q5,R,B,Mel_rep,31
SP4,T42,Q5,R,B,Cro_lan,1
SP4,T42,Q5,R,B,Imp_cyl,14
SP4,T42,Q5,R,B,Gal_ten,1
SP4,T42,Q5,R,B,Les_jun,1
SP4,T42,Q5,R,B,Con_bon,6
SP4,T42,Q5,R,B,Gam_cal,4
SP4,T42,Q5,R,B,Hyp_rad,1
SP4,T42,Q5,R,B,Cyp_agg,3
SP4,T42,Q5,R,B,Cyp_gra,19
SP4,T42,Q5,R,B,Poe_045,6
SP4,T42,Q5,R,B,Gal_par,1
SP4,T42,Q5,R,B,Mec_pro,1
SP4,T42,Q5,R,B,Cyp_002,1
SP4,T42,Q5,R,B,Lac_ser,1
SP4,T42,Q5,R,B,Cys_pro,45
SP4,T42,Q5,R,B,For_080,1
SP4,T42,Q5,R,B,For_084,15
SP4,T42,Q5,R,B,Nep_cor,2
SP4,T42,Q5,R,B,Poe_145,1
SP4,T42,Q5,R,B,Poe_157,1
SP4,T42,Q5,R,B,For_093,1
SP4,T42,Q5,R,B,For_098,3
SP4,T42,Q5,R,B,Car_hir,1
SP4,T42,Q5,R,B,For_108,2
SP4,T41,Q3,L,B,Cro_lan,2
SP4,T41,Q3,L,B,Ver_bon,16
SP4,T41,Q3,L,B,Gly_wig,1
SP4,T41,Q3,L,B,For_112,1
SP4,T41,Q3,L,B,Cir_vul,1
SP4,T41,Q3,L,B,Mel_rep,70
SP4,T41,Q3,L,B,Sol_nig,1
SP4,T41,Q3,L,B,For_002,1
SP4,T41,Q3,L,B,Gam_cal,2
SP4,T41,Q3,L,B,Con_can,3
SP4,T41,Q3,L,B,Cyp_agg,6
SP4,T41,Q3,L,B,Wah_gra,20
SP4,T41,Q3,L,B,Con_bon,6
SP4,T41,Q3,L,B,For_022,13
SP4,T41,Q3,L,B,For_023,4
SP4,T41,Q3,L,B,For_029,11
SP4,T41,Q3,L,B,For_017,1
SP4,T41,Q3,L,B,Men_sat,3
SP4,T41,Q3,L,B,Cyp_gra,11
SP4,T41,Q3,L,B,Cyn_dac,2
SP4,T41,Q3,L,B,Spo_cre,1
SP4,T41,Q3,L,B,Nep_cor,1
SP4,T41,Q3,L,B,Cys_pro,11
SP4,T41,Q3,L,B,For_093,2
SP4,T41,Q3,L,B,Poe_162,1
SP4,T41,Q3,L,B,For_084,18
SP4,T41,Q3,L,B,For_108,1
SP3,T37,Q3,L,B,Ver_bon,63
SP3,T37,Q3,L,B,Les_jun,1
SP3,T37,Q3,L,B,Mel_rep,50
SP3,T37,Q3,L,B,Poe_008,1
SP3,T37,Q3,L,B,Cyp_010,1
SP3,T37,Q3,L,B,Het_con,3
SP3,T37,Q3,L,B,Bid_pil,2
SP3,T37,Q3,L,B,Con_bon,6
SP3,T37,Q3,L,B,Gam_cal,12
SP3,T37,Q3,L,B,Lob_pur,10
SP3,T37,Q3,L,B,For_022,1
SP3,T37,Q3,L,B,Wah_gra,60
SP3,T37,Q3,L,B,Spi_gum,3
SP3,T37,Q3,L,B,Con_can,13
SP3,T37,Q3,L,B,Eup_dru,1
SP3,T37,Q3,L,B,Dic_rep,2
SP3,T37,Q3,L,B,Cyp_dif,5
SP3,T37,Q3,L,B,For_030,1
SP3,T37,Q3,L,B,Pan_eff,11
SP3,T37,Q3,L,B,Cyp_gra,2
SP3,T37,Q3,L,B,Cyp_002,2
SP3,T37,Q3,L,B,Euc_sph,1
SP3,T37,Q3,L,B,Spo_cre,1
SP3,T37,Q3,L,B,Pan_dec,2
SP3,T37,Q3,L,B,Sol_nig,1
SP3,T37,Q3,L,B,Ari_que,2
SP3,T37,Q3,L,B,For_113,1
SP3,T37,Q3,L,B,Hyp_rad,1
SP3,T37,Q3,L,B,Hyd_lax,1
SP3,T37,Q3,L,B,Cys_pro,28
SP3,T37,Q3,L,B,Nep_cor,2
SP3,T37,Q3,L,B,Poe_145,1
SP3,T37,Q3,L,B,Men_sat,1
SP3,T37,Q3,L,B,Mec_pro,1
SP3,T37,Q3,L,B,Poe_161,1
SP3,T37,Q3,L,B,For_084,8
SP3,T37,Q3,L,B,For_108,4
SP3,T38,Q1,R,A,Sol_nig,5
SP3,T38,Q1,R,A,Les_jun,2
SP3,T38,Q1,R,A,Mel_rep,11
SP3,T38,Q1,R,A,Pas_foe,2
SP3,T38,Q1,R,A,Wah_gra,48
SP3,T38,Q1,R,A,For_002,1
SP3,T38,Q1,R,A,Oxa_cor,1
SP3,T38,Q1,R,A,Cro_mon,2
SP3,T38,Q1,R,A,Gam_cal,1
SP3,T38,Q1,R,A,Euc_cre,1
SP3,T38,Q1,R,A,Gly_wig,2
SP3,T38,Q1,R,A,Cyp_agg,4
SP3,T38,Q1,R,A,For_022,3
SP3,T38,Q1,R,A,Cyp_gra,107
SP3,T38,Q1,R,A,For_023,1
SP3,T38,Q1,R,A,Spo_cre,3
SP3,T38,Q1,R,A,Pan_eff,1
SP3,T38,Q1,R,A,Cyp_dif,2
SP3,T38,Q1,R,A,Cyp_002,8
SP3,T38,Q1,R,A,Poe_082,1
SP3,T38,Q1,R,A,Ari_que,1
SP3,T38,Q1,R,A,Pte_sph,1
SP3,T38,Q1,R,A,Gal_ten,1
SP3,T38,Q1,R,A,Cyp_pol,1
SP3,T38,Q1,R,A,Cys_pro,14
SP3,T38,Q1,R,A,Cyp_005,1
SP3,T38,Q1,R,A,Cro_lan,1
SP3,T38,Q1,R,A,Nep_cor,1
SP3,T38,Q1,R,A,Mec_pro,1
SP3,T38,Q1,R,A,For_084,13
SP3,T38,Q1,R,A,For_029,1
SP3,T38,Q1,R,A,Spi_gum,1
SP4,T45,Q2,L,A,Sig_ori,2
SP4,T45,Q2,L,A,Ver_bon,8
SP4,T45,Q2,L,A,Sol_nig,1
SP4,T45,Q2,L,A,For_112,4
SP4,T45,Q2,L,A,Poe_003,6
SP4,T45,Q2,L,A,Bid_pil,1
SP4,T45,Q2,L,A,Cor_cit,1
SP4,T45,Q2,L,A,Oxa_cor,4
SP4,T45,Q2,L,A,Gal_ten,6
SP4,T45,Q2,L,A,Son_ole,2
SP4,T45,Q2,L,A,Con_bon,20
SP4,T45,Q2,L,A,For_002,3
SP4,T45,Q2,L,A,Bot_bla,19
SP4,T45,Q2,L,A,Cyp_agg,4
SP4,T45,Q2,L,A,Gam_cal,4
SP4,T45,Q2,L,A,Poe_019,3
SP4,T45,Q2,L,A,For_023,1
SP4,T45,Q2,L,A,For_024,3
SP4,T45,Q2,L,A,Spi_gum,1
SP4,T45,Q2,L,A,Euc_cre,2
SP4,T45,Q2,L,A,For_022,1
SP4,T45,Q2,L,A,For_094,2
SP4,T45,Q2,L,A,Cha_hir,1
SP4,T45,Q2,L,A,For_110,1
SP4,T45,Q2,L,A,For_029,1
SP4,T45,Q2,L,A,For_039,1
SP4,T45,Q2,L,A,Cys_pro,47
SP4,T45,Q2,L,A,Nep_cor,7
SP4,T45,Q2,L,A,Cyp_004,1
SP4,T45,Q2,L,A,Ver_lit,1
SP4,T45,Q2,L,A,Mec_pro,7
SP4,T45,Q2,L,A,Lob_pur,1
SP4,T45,Q2,L,A,For_084,16
SP4,T45,Q2,L,A,For_093,2
SP4,T45,Q2,L,A,For_103,1
SP4,T41,Q1,R,B,Cro_lan,3
SP4,T41,Q1,R,B,Les_jun,2
SP4,T41,Q1,R,B,Ver_bon,8
SP4,T41,Q1,R,B,For_002,7
SP4,T41,Q1,R,B,Gam_cal,8
SP4,T41,Q1,R,B,Cyp_agg,7
SP4,T41,Q1,R,B,Mel_rep,56
SP4,T41,Q1,R,B,Sen_mad,1
SP4,T41,Q1,R,B,For_022,6
SP4,T41,Q1,R,B,For_017,1
SP4,T41,Q1,R,B,Lob_pur,2
SP4,T41,Q1,R,B,Eup_dru,2
SP4,T41,Q1,R,B,Con_bon,5
SP4,T41,Q1,R,B,Ari_que,9
SP4,T41,Q1,R,B,Cal_cun,4
SP4,T41,Q1,R,B,Cyp_gra,17
SP4,T41,Q1,R,B,Cyp_002,2
SP4,T41,Q1,R,B,Poe_119,3
SP4,T41,Q1,R,B,Poe_116,1
SP4,T41,Q1,R,B,For_021,1
SP4,T41,Q1,R,B,For_039,1
SP4,T41,Q1,R,B,Cyp_pol,1
SP4,T41,Q1,R,B,Spo_cre,1
SP4,T41,Q1,R,B,Cys_pro,31
SP4,T41,Q1,R,B,For_084,25
SP4,T41,Q1,R,B,Poe_153,1
SP4,T41,Q1,R,B,For_093,1
SP4,T41,Q1,R,B,For_108,2
SP4,T41,Q1,R,B,For_109,1
SP4,T41,Q1,R,B,Spi_gum,1
SP4,T45,Q5,R,B,Ver_bon,9
SP4,T45,Q5,R,B,Sig_ori,2
SP4,T45,Q5,R,B,Cro_lan,2
SP4,T45,Q5,R,B,Mel_rep,11
SP4,T45,Q5,R,B,Bid_pil,3
SP4,T45,Q5,R,B,Het_con,5
SP4,T45,Q5,R,B,Pas_foe,1
SP4,T45,Q5,R,B,Con_bon,149
SP4,T45,Q5,R,B,Oxa_cor,4
SP4,T45,Q5,R,B,Cyp_010,2
SP4,T45,Q5,R,B,Cyp_agg,10
SP4,T45,Q5,R,B,For_022,11
SP4,T45,Q5,R,B,For_029,18
SP4,T45,Q5,R,B,Gam_cal,11
SP4,T45,Q5,R,B,For_027,1
SP4,T45,Q5,R,B,Con_can,1
SP4,T45,Q5,R,B,Wah_gra,4
SP4,T45,Q5,R,B,Spi_gum,2
SP4,T45,Q5,R,B,For_002,2
SP4,T45,Q5,R,B,Spo_cre,7
SP4,T45,Q5,R,B,Poe_068,2
SP4,T45,Q5,R,B,Cyp_gra,88
SP4,T45,Q5,R,B,Poe_105,1
SP4,T45,Q5,R,B,Era_lep,9
SP4,T45,Q5,R,B,Cyp_dif,3
SP4,T45,Q5,R,B,Cyp_002,11
SP4,T45,Q5,R,B,Cyp_003,2
SP4,T45,Q5,R,B,Sen_mad,1
SP4,T45,Q5,R,B,Cys_pro,19
SP4,T45,Q5,R,B,Cyp_004,2
SP4,T45,Q5,R,B,Ein_nut,1
SP4,T45,Q5,R,B,For_084,4
SP4,T44,Q3,R,B,Ver_bon,23
SP4,T44,Q3,R,B,Ein_nut,6
SP4,T44,Q3,R,B,Les_jun,2
SP4,T44,Q3,R,B,Mel_rep,17
SP4,T44,Q3,R,B,Poe_003,32
SP4,T44,Q3,R,B,Emi_son,1
SP4,T44,Q3,R,B,Cyp_agg,3
SP4,T44,Q3,R,B,Cyp_010,2
SP4,T44,Q3,R,B,Men_sat,4
SP4,T44,Q3,R,B,Lob_pur,8
SP4,T44,Q3,R,B,For_023,1
SP4,T44,Q3,R,B,Hyd_lax,3
SP4,T44,Q3,R,B,Ver_lit,1
SP4,T44,Q3,R,B,Spi_gum,2
SP4,T44,Q3,R,B,Cyp_gra,19
SP4,T44,Q3,R,B,Cyp_002,20
SP4,T44,Q3,R,B,Sig_ori,1
SP4,T44,Q3,R,B,Eup_dru,8
SP4,T44,Q3,R,B,Poe_068,2
SP4,T44,Q3,R,B,Cyp_003,2
SP4,T44,Q3,R,B,For_038,1
SP4,T44,Q3,R,B,For_002,1
SP4,T44,Q3,R,B,Wah_gra,1
SP4,T44,Q3,R,B,For_027,1
SP4,T44,Q3,R,B,Poe_108,4
SP4,T44,Q3,R,B,Spo_cre,1
SP4,T44,Q3,R,B,Mal_ame,1
SP4,T44,Q3,R,B,Sol_nig,2
SP4,T44,Q3,R,B,Cyp_dif,1
SP4,T44,Q3,R,B,Nep_cor,2
SP4,T44,Q3,R,B,Cys_pro,28
SP4,T44,Q3,R,B,For_082,1
SP4,T44,Q3,R,B,For_084,17
SP4,T44,Q3,R,B,Poe_122,1
SP4,T44,Q3,R,B,Poe_164,1
SP4,T44,Q3,R,A,Ver_bon,25
SP4,T44,Q3,R,A,Les_jun,2
SP4,T44,Q3,R,A,Bid_pil,3
SP4,T44,Q3,R,A,Sol_nig,2
SP4,T44,Q3,R,A,Poe_003,36
SP4,T44,Q3,R,A,Pas_foe,1
SP4,T44,Q3,R,A,For_002,2
SP4,T44,Q3,R,A,Con_bon,4
SP4,T44,Q3,R,A,Cyp_010,3
SP4,T44,Q3,R,A,Lob_pur,6
SP4,T44,Q3,R,A,Bot_bla,2
SP4,T44,Q3,R,A,Gam_cal,4
SP4,T44,Q3,R,A,Ver_lit,1
SP4,T44,Q3,R,A,Men_sat,2
SP4,T44,Q3,R,A,Cyp_002,34
SP4,T44,Q3,R,A,Cyp_gra,16
SP4,T44,Q3,R,A,Cyp_agg,3
SP4,T44,Q3,R,A,Mel_rep,12
SP4,T44,Q3,R,A,Poe_068,5
SP4,T44,Q3,R,A,Poe_074,1
SP4,T44,Q3,R,A,Poe_110,4
SP4,T44,Q3,R,A,Pan_eff,1
SP4,T44,Q3,R,A,Pan_dec,1
SP4,T44,Q3,R,A,Poe_045,1
SP4,T44,Q3,R,A,Hyd_lax,1
SP4,T44,Q3,R,A,Poe_135,1
SP4,T44,Q3,R,A,Cyp_004,1
SP4,T44,Q3,R,A,Cys_pro,23
SP4,T44,Q3,R,A,Nep_cor,3
SP4,T44,Q3,R,A,Poe_147,1
SP4,T44,Q3,R,A,Ari_que,1
SP4,T44,Q3,R,A,Mec_pro,3
SP4,T44,Q3,R,A,For_084,12
SP4,T44,Q3,R,A,For_102,1
SP4,T44,Q3,R,A,For_098,3
SP4,T41,Q1,R,A,Ver_bon,11
SP4,T41,Q1,R,A,Mel_rep,47
SP4,T41,Q1,R,A,Gam_cal,13
SP4,T41,Q1,R,A,For_002,4
SP4,T41,Q1,R,A,Cyp_gra,25
SP4,T41,Q1,R,A,Sol_nig,1
SP4,T41,Q1,R,A,For_022,1
SP4,T41,Q1,R,A,Con_bon,9
SP4,T41,Q1,R,A,For_023,1
SP4,T41,Q1,R,A,Cyp_002,2
SP4,T41,Q1,R,A,Cyp_agg,1
SP4,T41,Q1,R,A,Poe_074,4
SP4,T41,Q1,R,A,Pan_dec,1
SP4,T41,Q1,R,A,Wah_gra,1
SP4,T41,Q1,R,A,Poe_127,1
SP4,T41,Q1,R,A,Por_ole,1
SP4,T41,Q1,R,A,For_029,1
SP4,T41,Q1,R,A,Cal_cun,2
SP4,T41,Q1,R,A,Cyp_004,1
SP4,T41,Q1,R,A,Ari_que,1
SP4,T41,Q1,R,A,Cys_pro,24
SP4,T41,Q1,R,A,Lob_pur,1
SP4,T41,Q1,R,A,For_084,14
SP4,T41,Q1,R,A,For_093,2
SP4,T41,Q1,R,A,Mec_pro,2
SP4,T41,Q1,R,A,Spi_gum,1
SP4,T41,Q1,R,A,Sig_ori,1
SP4,T41,Q1,R,A,Car_hir,1
SP4,T41,Q1,R,A,Poe_164,1
SP4,T44,Q1,L,A,Bot_bla,5
SP4,T44,Q1,L,A,Euc_cre,2
SP4,T44,Q1,L,A,Poe_045,53
SP4,T44,Q1,L,A,Mel_rep,8
SP4,T44,Q1,L,A,Poe_050,2
SP4,T44,Q1,L,A,For_023,1
SP4,T44,Q1,L,A,Cyp_pol,1
SP4,T44,Q1,L,A,Cys_pro,8
SP4,T44,Q1,L,A,For_084,5
SP4,T44,Q1,L,A,Het_con,1
SP4,T44,Q1,L,A,Gly_wig,1
SP4,T44,Q1,L,B,Euc_cre,1
SP4,T44,Q1,L,B,Gam_cal,3
SP4,T44,Q1,L,B,Con_bon,14
SP4,T44,Q1,L,B,Eup_dru,1
SP4,T44,Q1,L,B,Het_con,3
SP4,T44,Q1,L,B,Mel_rep,15
SP4,T44,Q1,L,B,Ver_bon,1
SP4,T44,Q1,L,B,For_023,1
SP4,T44,Q1,L,B,Cyp_bre,2
SP4,T44,Q1,L,B,Poe_068,4
SP4,T44,Q1,L,B,Cyp_gra,3
SP4,T44,Q1,L,B,Poe_045,44
SP4,T44,Q1,L,B,Seh_ner,1
SP4,T44,Q1,L,B,Pan_dec,1
SP4,T44,Q1,L,B,Son_ole,1
SP4,T44,Q1,L,B,Cyp_002,1
SP4,T44,Q1,L,B,Pan_eff,1
SP4,T44,Q1,L,B,Cyp_pol,1
SP4,T44,Q1,L,B,Poe_145,1
SP4,T44,Q1,L,B,Poe_146,1
SP4,T44,Q1,L,B,Nep_cor,1
SP4,T44,Q1,L,B,Mec_pro,2
SP4,T44,Q1,L,B,Cys_pro,3
SP4,T44,Q1,L,B,Cra_cre,1
SP4,T44,Q1,L,B,Cro_lan,1
SP4,T44,Q1,L,B,For_084,3
SP4,T44,Q1,L,B,For_093,1
SP4,T44,Q1,L,B,Poe_164,3
